LocationID,Watershed,BRDYEAR,dayOfWY,next_survey,water_flow,water_regime,interpolated_canopy,breeding_status,rain_to_date,days_since_first_rain,dir_dur,cum_sun_hours
MC01,Milagra Creek,2002,75,104,lentic,seasonal,0,1,44.3992,46,9.30380249,782.420449212
MC01,Milagra Creek,2003,86,108,lentic,seasonal,0,1,54.0004,49,9.269330978,884.830785706
LS01,Laguna Salada,2004,78,100,lentic,perennial,0,0,23.368,42,9.281540871,809.521950715
LS01,Laguna Salada,2004,100,128,lentic,perennial,0,0,50.0888,64,9.496346474,1014.648012157
LS01,Laguna Salada,2004,128,156,lentic,perennial,0,1,58.3946,92,10.28089428,1290.547045697
MC01,Milagra Creek,2004,78,107,lentic,seasonal,0,0,23.368,42,9.323206902,810.380389169
MC01,Milagra Creek,2004,107,128,lentic,seasonal,0,1,50.2666,71,9.670017242,1082.906727742
LS01,Laguna Salada,2005,133,151,lentic,perennial,0,1,69.69760000000001,117,10.47941113,1342.323606487
LS05,Laguna Salada,2005,80,105,lentic,perennial,0,0,33.4264,64,9.276548386,826.950588226
LS05,Laguna Salada,2005,105,124,lentic,perennial,0,0,66.4464,89,9.600112915,1060.936904908
LS05,Laguna Salada,2005,124,151,lentic,perennial,0,1,69.6722,108,10.14125061,1248.127576824
MC01,Milagra Creek,2005,80,105,lentic,seasonal,0,1,33.4264,64,9.31821537,829.013136819
RL02,Rodeo Lagoon,2005,80,103,lentic,perennial,3,0,33.4264,64,9.754051208,859.160416625
RL02,Rodeo Lagoon,2005,103,119,lentic,perennial,3,1,66.4464,87,10.26070023,1088.896719005
LS01,Laguna Salada,2006,83,97,lentic,perennial,0,0,42.5704,58,9.264519691,855.907259935
LS01,Laguna Salada,2006,97,116,lentic,perennial,0,1,74.549,72,9.47701931,986.246372218
LS05,Laguna Salada,2006,71,97,lentic,perennial,5.555555555555555,0,19.6342,46,9.302090645,743.342019079
LS05,Laguna Salada,2006,97,116,lentic,perennial,5.555555555555555,1,74.549,72,9.438557625,985.083929063
LS06,Laguna Salada,2006,71,97,lentic,seasonal,5,0,19.6342,46,9.302090645,742.06885623
LS06,Laguna Salada,2006,97,116,lentic,seasonal,5,0,74.549,72,9.40009594,983.733843797
LS06,Laguna Salada,2006,116,138,lentic,seasonal,5,1,78.81620000000001,91,9.840676308,1165.900489801
MC01,Milagra Creek,2006,71,97,lentic,seasonal,0,0,19.6342,46,9.337804794,745.035396531
MC01,Milagra Creek,2006,97,116,lentic,seasonal,0,1,74.549,72,9.438557625,987.742209387
RL02,Rodeo Lagoon,2006,94,115,lentic,perennial,3,1,73.9648,69,10.00712109,996.892016435
LS01,Laguna Salada,2007,80,108,lentic,perennial,0,0,25.8572,76,9.276548386,828.074569696
LS01,Laguna Salada,2007,108,117,lentic,perennial,0,0,31.1912,104,9.6558218,1091.310886378
LS01,Laguna Salada,2007,117,136,lentic,perennial,0,0,31.5214,113,9.886822701,1179.346277233
LS01,Laguna Salada,2007,136,163,lentic,perennial,0,1,43.8912,132,10.50034332,1373.739923467
LS05,Laguna Salada,2007,79,117,lentic,perennial,11.11111111111111,0,25.8572,75,9.276070595,817.67403984
LS05,Laguna Salada,2007,117,142,lentic,perennial,11.11111111111111,1,31.5214,113,9.886822701,1177.906694413
MC01,Milagra Creek,2007,84,101,lentic,seasonal,0,0,27.6352,80,9.314811707,866.285639718
MC01,Milagra Creek,2007,101,117,lentic,seasonal,0,1,31.1912,97,9.439745903,1025.465004873
RL02,Rodeo Lagoon,2007,89,109,lentic,perennial,3,0,30.6832,85,9.835912704,947.21449854
RL02,Rodeo Lagoon,2007,109,130,lentic,perennial,3,1,31.1912,105,10.37549591,1150.905231495
LS01,Laguna Salada,2008,71,81,lentic,perennial,0,0,15.2908,63,9.302090645,744.466000549
LS01,Laguna Salada,2008,81,89,lentic,perennial,0,0,24.9428,73,9.295804024,837.37037372
LS01,Laguna Salada,2008,89,95,lentic,perennial,0,0,26.8224,81,9.310406685,911.508969301
LS01,Laguna Salada,2008,95,99,lentic,perennial,0,0,38.0746,87,9.351371765,967.368238444
LS01,Laguna Salada,2008,99,100,lentic,perennial,0,0,42.6212,91,9.441590309,1005.151665683
LS01,Laguna Salada,2008,100,120,lentic,perennial,0,0,42.6974,92,9.496346474,1014.648012157
LS01,Laguna Salada,2008,120,122,lentic,perennial,0,1,60.6298,112,10.00475025,1209.296761507
LS05,Laguna Salada,2008,107,121,lentic,perennial,16.666666666666664,1,43.2816,99,9.670017242,1080.215481758
LS06,Laguna Salada,2008,93,107,lentic,seasonal,5,0,27.178,85,9.311765671,946.291478151
LS06,Laguna Salada,2008,107,121,lentic,seasonal,5,0,43.2816,99,9.588849068,1078.39683246
LS06,Laguna Salada,2008,121,134,lentic,seasonal,5,0,60.7822,113,10.01363754,1215.712972633
LS06,Laguna Salada,2008,134,135,lentic,seasonal,5,1,72.5932,126,10.39590073,1348.727827063
LS08,Laguna Salada,2008,93,107,lentic,perennial,0,0,27.178,85,9.311765671,946.704330441
LS08,Laguna Salada,2008,107,121,lentic,perennial,0,0,43.2816,99,9.588849068,1079.125284192
LS08,Laguna Salada,2008,121,134,lentic,perennial,0,0,60.7822,113,10.01363754,1216.441424365
LS08,Laguna Salada,2008,134,155,lentic,perennial,0,0,72.5932,126,10.39590073,1349.456278795
LS08,Laguna Salada,2008,155,156,lentic,perennial,0,1,77.52080000000001,147,11.3230772,1577.963373155
MC01,Milagra Creek,2008,93,107,lentic,seasonal,0,0,27.178,85,9.345098495,950.148744536
MC01,Milagra Creek,2008,107,121,lentic,seasonal,0,1,43.2816,99,9.670017242,1082.906727742
RL02,Rodeo Lagoon,2008,108,133,lentic,perennial,3,1,43.2816,100,10.34798431,1140.529735585
LS01,Laguna Salada,2009,75,76,lentic,perennial,0,0,14.1224,73,9.265340805,781.683805458
LS01,Laguna Salada,2009,76,83,lentic,perennial,0,0,14.7828,74,9.293087006,790.976892464
LS01,Laguna Salada,2009,83,84,lentic,perennial,0,0,17.8308,81,9.264519691,855.907259935
LS01,Laguna Salada,2009,84,86,lentic,perennial,0,0,20.3708,82,9.276350021,865.183609956
LS01,Laguna Salada,2009,86,94,lentic,perennial,0,0,21.2852,84,9.227663994,883.645421976
LS01,Laguna Salada,2009,94,98,lentic,perennial,0,1,22.352,92,9.328244209,958.016866679
LS05,Laguna Salada,2009,91,114,lentic,perennial,22.22222222222222,0,21.336,89,9.3055439,928.977135659
LS05,Laguna Salada,2009,114,134,lentic,perennial,22.22222222222222,1,24.003,112,9.828181267,1148.346621513
LS07,Laguna Salada,2009,91,114,lentic,seasonal,0,0,21.336,89,9.3055439,927.246989237
LS07,Laguna Salada,2009,114,134,lentic,seasonal,0,1,24.003,112,9.792467117,1145.568699823
LS08,Laguna Salada,2009,91,134,lentic,perennial,0,1,21.336,89,9.3055439,928.1168251
LS09,Laguna Salada,2009,91,159,lotic,perennial,100,0,21.336,89,9.350997925,930.732205384
LS09,Laguna Salada,2009,159,160,lotic,perennial,100,1,62.3062,157,11.44947338,1628.124195083
MC01,Milagra Creek,2009,91,114,lentic,seasonal,0,0,21.336,89,9.350997925,931.492192222
MC01,Milagra Creek,2009,114,134,lentic,seasonal,0,0,24.003,112,9.828181267,1151.037867497
MC01,Milagra Creek,2009,134,159,lentic,seasonal,0,0,30.0736,132,10.46732903,1354.256952228
MC01,Milagra Creek,2009,159,185,lentic,seasonal,0,1,62.3062,157,11.44947338,1629.555332128
RL02,Rodeo Lagoon,2009,91,160,lentic,perennial,3,0,21.336,89,9.848070145,966.945551893
RL02,Rodeo Lagoon,2009,160,161,lentic,perennial,3,1,62.3316,158,11.44649506,1703.351086645
LS01,Laguna Salada,2010,87,104,lentic,perennial,0,1,28.9052,75,9.279340744,892.92476272
LS07,Laguna Salada,2010,119,178,lentic,seasonal,0,1,57.5818,107,9.991209984,1195.074506747
RL02,Rodeo Lagoon,2010,96,125,lentic,perennial,3,0,30.5562,84,10.15269661,1017.128109955
RL02,Rodeo Lagoon,2010,125,144,lentic,perennial,3,1,58.5978,113,10.58958149,1318.872338305
LS01,Laguna Salada,2011,67,81,lentic,perennial,0,0,29.4386,46,9.372646332,707.063750259
LS01,Laguna Salada,2011,81,82,lentic,perennial,0,0,42.9514,60,9.295804024,837.37037372
LS01,Laguna Salada,2011,82,88,lentic,perennial,0,0,44.323,61,9.272366524,846.642740244
LS01,Laguna Salada,2011,88,95,lentic,perennial,0,0,57.6072,67,9.273799896,902.198562616
LS01,Laguna Salada,2011,95,102,lentic,perennial,0,1,61.4172,74,9.351371765,967.368238444
LS05,Laguna Salada,2011,76,97,lentic,perennial,33.33333333333333,0,33.1724,55,9.293087006,789.852910994
LS05,Laguna Salada,2011,97,119,lentic,perennial,33.33333333333333,1,61.4426,76,9.438557625,985.083929063
LS06,Laguna Salada,2011,76,97,lentic,seasonal,6,0,33.1724,55,9.293087006,788.579748145
LS06,Laguna Salada,2011,97,119,lentic,seasonal,6,1,61.4426,76,9.40009594,983.733843797
LS07,Laguna Salada,2011,76,97,lentic,seasonal,0,1,33.1724,55,9.293087006,788.122764572
LS08,Laguna Salada,2011,76,97,lentic,perennial,0,1,33.1724,55,9.293087006,788.992600435
LS09,Laguna Salada,2011,76,97,lotic,perennial,100,0,33.1724,55,9.331548691,791.000003808
LS09,Laguna Salada,2011,97,119,lotic,perennial,100,0,61.4426,76,9.438557625,986.960793489
LS09,Laguna Salada,2011,119,149,lotic,perennial,100,0,61.8998,98,9.991209984,1199.729292863
LS09,Laguna Salada,2011,149,166,lotic,perennial,100,0,82.4992,128,11.09897709,1515.050662023
LS09,Laguna Salada,2011,166,181,lotic,perennial,100,1,92.6592,145,11.78243637,1709.484373073
MC01,Milagra Creek,2011,76,97,lentic,seasonal,0,0,33.1724,55,9.331548691,791.751997903
MC01,Milagra Creek,2011,97,119,lentic,seasonal,0,1,61.4426,76,9.438557625,987.742209387
RL02,Rodeo Lagoon,2011,76,101,lentic,perennial,3.5,0,33.1724,55,9.824122429,820.022318862
RL02,Rodeo Lagoon,2011,101,131,lentic,perennial,3.5,1,61.468,80,10.20927143,1068.337820075
LS01,Laguna Salada,2012,76,94,lentic,perennial,0,0,12.5984,74,9.293087006,790.976892464
LS01,Laguna Salada,2012,94,101,lentic,perennial,0,0,12.6238,92,9.328244209,958.016866679
LS01,Laguna Salada,2012,101,108,lentic,perennial,0,0,12.6238,99,9.478207588,1024.126219745
LS01,Laguna Salada,2012,108,109,lentic,perennial,0,0,12.6238,106,9.6558218,1091.310886378
LS01,Laguna Salada,2012,109,114,lentic,perennial,0,0,12.6238,107,9.638589859,1100.949476237
LS01,Laguna Salada,2012,114,118,lentic,perennial,0,0,30.353,112,9.828181267,1149.786204333
LS01,Laguna Salada,2012,118,121,lentic,perennial,0,1,30.378400000000003,116,9.95452404,1189.300801273
LS06,Laguna Salada,2012,104,123,lentic,seasonal,6.333333333333333,0,12.6238,102,9.51995182,1049.706820481
LS06,Laguna Salada,2012,123,189,lentic,seasonal,6.333333333333333,1,30.4038,121,10.08317661,1235.866944303
LS07,Laguna Salada,2012,104,123,lentic,seasonal,0,1,12.6238,102,9.51995182,1049.249836908
LS08,Laguna Salada,2012,104,150,lentic,perennial,0,1,12.6238,102,9.558413506,1050.435272213
MC01,Milagra Creek,2012,123,150,lentic,seasonal,0,1,30.4038,121,10.11889076,1240.892223308
RC07,Redwood Creek,2012,89,108,lentic,perennial,0,0,12.5984,87,9.267271996,904.815218909
RC07,Redwood Creek,2012,108,139,lentic,perennial,0,0,12.6238,106,9.5887537,1082.963008864
RC07,Redwood Creek,2012,139,157,lentic,perennial,0,1,32.639,137,10.55290222,1394.915856335
RC10,Redwood Creek,2012,89,108,lentic,seasonal,0,0,12.5984,87,9.30893898,908.237328526
RC10,Redwood Creek,2012,108,139,lentic,seasonal,0,0,12.6238,106,9.629962921,1087.538309094
RC10,Redwood Creek,2012,139,157,lentic,seasonal,0,1,32.639,137,10.58623505,1400.600060476
RL02,Rodeo Lagoon,2012,94,102,lentic,perennial,4,1,12.6238,92,10.00712109,996.892016435
KC01,Kanoff Creek,2013,70,94,lentic,seasonal,0,1,35.4076,49,9.364490509,737.12034703
KC02,Kanoff Creek,2013,114,148,both,seasonal,20,0,55.473600000000005,93,10.56993961,1230.5158148
KC02,Kanoff Creek,2013,148,169,both,seasonal,20,1,56.6674,127,11.58754921,1607.90272428
LS01,Laguna Salada,2013,66,79,lentic,perennial,0,0,35.382200000000005,45,9.504740715,697.691103927
LS01,Laguna Salada,2013,79,84,lentic,perennial,0,0,38.1254,58,9.276070595,818.79802131
LS01,Laguna Salada,2013,84,88,lentic,perennial,0,0,49.4538,63,9.276350021,865.183609956
LS01,Laguna Salada,2013,88,92,lentic,perennial,0,0,53.0352,67,9.273799896,902.198562616
LS01,Laguna Salada,2013,92,114,lentic,perennial,0,0,53.34,71,9.27573967,939.376856799
LS01,Laguna Salada,2013,114,127,lentic,perennial,0,1,55.473600000000005,93,9.828181267,1149.786204333
LS05,Laguna Salada,2013,70,113,lentic,perennial,44.44444444444444,0,35.4076,49,9.331157684,734.039928434
LS05,Laguna Salada,2013,113,136,lentic,perennial,44.44444444444444,1,54.737,92,9.814224243,1138.518440246
LS06,Laguna Salada,2013,70,94,lentic,seasonal,6.666666666666666,0,35.4076,49,9.331157684,732.766765585
LS06,Laguna Salada,2013,94,113,lentic,seasonal,6.666666666666666,0,53.3654,73,9.328244209,955.61972236
LS06,Laguna Salada,2013,113,155,lentic,seasonal,6.666666666666666,1,54.737,92,9.778510094,1136.434772485
LS07,Laguna Salada,2013,70,94,lentic,seasonal,0,1,35.4076,49,9.331157684,732.309782012
LS08,Laguna Salada,2013,70,94,lentic,perennial,0,0,35.4076,49,9.331157684,733.179617875
LS08,Laguna Salada,2013,94,136,lentic,perennial,0,1,53.3654,73,9.328244209,956.03257465
MC01,Milagra Creek,2013,70,94,lentic,seasonal,0,1,35.4076,49,9.364490509,735.697591737
RC07,Redwood Creek,2013,70,93,lentic,perennial,0,0,35.4076,49,9.306447983,729.363881095
RC07,Redwood Creek,2013,93,116,lentic,perennial,0,1,53.3654,72,9.270742416,941.736518843
RC10,Redwood Creek,2013,70,93,lentic,seasonal,0,0,35.4076,49,9.383371353,731.524618144
RC10,Redwood Creek,2013,93,116,lentic,seasonal,0,0,53.3654,72,9.361651421,945.511119839
RC10,Redwood Creek,2013,116,136,lentic,seasonal,0,1,55.473600000000005,95,9.895588875,1165.608335491
RL02,Rodeo Lagoon,2013,71,120,lentic,perennial,4,1,35.6616,50,9.986272812,770.589638732
KC01,Kanoff Creek,2014,134,160,lentic,seasonal,0,1,34.29,85,10.4649477,1357.812500986
LS01,Laguna Salada,2014,51,67,lentic,perennial,0,0,3.5052,2,9.813304901,553.810936919
LS01,Laguna Salada,2014,67,70,lentic,perennial,0,0,5.6134,18,9.372646332,707.063750259
LS01,Laguna Salada,2014,70,84,lentic,perennial,0,0,5.6134,21,9.331157684,735.163909904
LS01,Laguna Salada,2014,84,91,lentic,perennial,0,0,5.6134,35,9.276350021,865.183609956
LS01,Laguna Salada,2014,91,100,lentic,perennial,0,0,5.6134,42,9.3055439,930.101117129
LS01,Laguna Salada,2014,100,107,lentic,perennial,0,0,5.6134,51,9.496346474,1014.648012157
LS01,Laguna Salada,2014,107,114,lentic,perennial,0,0,5.6134,58,9.670017242,1081.655064578
LS01,Laguna Salada,2014,114,123,lentic,perennial,0,0,5.6134,65,9.828181267,1149.786204333
LS01,Laguna Salada,2014,123,133,lentic,perennial,0,0,5.715,74,10.11889076,1239.569132797
LS01,Laguna Salada,2014,133,143,lentic,perennial,0,1,34.29,84,10.47941113,1342.323606487
LS05,Laguna Salada,2014,134,147,lentic,perennial,50,0,34.29,85,10.39590073,1350.998308184
LS05,Laguna Salada,2014,147,164,lentic,perennial,50,1,35.3568,98,11.02221584,1490.459021564
LS07,Laguna Salada,2014,147,164,lentic,seasonal,0,1,35.3568,98,10.98888206,1487.242820704
MC01,Milagra Creek,2014,134,147,lentic,seasonal,0,1,34.29,85,10.46732903,1354.256952228
RC07,Redwood Creek,2014,62,104,lentic,perennial,3.5,0,3.5052,13,9.357005119,654.450695975
RC07,Redwood Creek,2014,104,125,lentic,perennial,3.5,0,5.6134,55,9.469477654,1044.800113662
RC07,Redwood Creek,2014,125,141,lentic,perennial,3.5,0,6.9342,76,10.05914974,1250.380619985
RC07,Redwood Creek,2014,141,143,lentic,perennial,3.5,1,35.3568,92,10.67331791,1416.199189165
RC13,Redwood Creek,2014,62,104,lentic,perennial,4.545454545454546,0,3.5052,13,9.405081749,655.426089286
RC13,Redwood Creek,2014,104,122,lentic,perennial,4.545454545454546,0,5.6134,55,9.50152874,1048.242975234
RC13,Redwood Creek,2014,122,125,lentic,perennial,4.545454545454546,1,5.715,73,10.08416653,1224.39371109
RC14,Redwood Creek,2014,62,104,lentic,perennial,74.28571428571428,0,3.5052,13,9.446748734,656.64713479
RC14,Redwood Creek,2014,104,122,lentic,perennial,74.28571428571428,0,5.6134,55,9.57845211,1050.084443101
RC14,Redwood Creek,2014,122,125,lentic,perennial,74.28571428571428,0,5.715,73,10.08416653,1226.419611939
RC14,Redwood Creek,2014,125,141,lentic,perennial,74.28571428571428,0,6.9342,76,10.15915012,1256.847460749
RC14,Redwood Creek,2014,141,162,lentic,perennial,74.28571428571428,1,35.3568,92,10.67844677,1423.273720749
RL02,Rodeo Lagoon,2014,142,143,lentic,perennial,4,1,35.3568,93,10.92696095,1501.670293835
KC01,Kanoff Creek,2015,58,69,lentic,seasonal,0,0,10.287,32,9.684626579,623.342905051
KC01,Kanoff Creek,2015,69,81,lentic,seasonal,0,1,25.3492,43,9.416472435,727.755856521
LS01,Laguna Salada,2015,65,72,lentic,perennial,0,0,23.876,39,9.480392456,688.186363212
LS01,Laguna Salada,2015,72,73,lentic,perennial,0,0,37.338,46,9.29487133,753.760871879
LS01,Laguna Salada,2015,73,74,lentic,perennial,0,0,37.338,47,9.331264496,763.092136375
LS01,Laguna Salada,2015,74,77,lentic,perennial,0,0,37.719,48,9.326328278,772.418464653
LS01,Laguna Salada,2015,77,78,lentic,perennial,0,0,51.1556,51,9.26351738,800.240409844
LS01,Laguna Salada,2015,78,80,lentic,perennial,0,0,51.689,52,9.281540871,809.521950715
LS01,Laguna Salada,2015,80,81,lentic,perennial,0,0,56.0324,54,9.276548386,828.074569696
LS01,Laguna Salada,2015,81,86,lentic,perennial,0,0,56.0324,55,9.295804024,837.37037372
LS01,Laguna Salada,2015,86,88,lentic,perennial,0,0,56.159400000000005,60,9.227663994,883.645421976
LS01,Laguna Salada,2015,88,90,lentic,perennial,0,0,56.159400000000005,62,9.273799896,902.198562616
LS01,Laguna Salada,2015,90,97,lentic,perennial,0,0,56.159400000000005,64,9.286603928,920.795573229
LS01,Laguna Salada,2015,97,104,lentic,perennial,0,0,56.159400000000005,71,9.47701931,986.246372218
LS01,Laguna Salada,2015,104,111,lentic,perennial,0,1,56.1848,78,9.594127655,1052.776374813
LS05,Laguna Salada,2015,69,90,lentic,perennial,55.55555555555556,0,25.3492,43,9.380758286,724.70877075
LS05,Laguna Salada,2015,90,111,lentic,perennial,55.55555555555556,1,56.159400000000005,64,9.286603928,919.671591759
LS06,Laguna Salada,2015,69,90,lentic,seasonal,7.333333333333334,0,25.3492,43,9.380758286,723.435607901
LS06,Laguna Salada,2015,90,111,lentic,seasonal,7.333333333333334,1,56.159400000000005,64,9.286603928,918.39842891
LS07,Laguna Salada,2015,69,90,lentic,seasonal,0,1,25.3492,43,9.380758286,722.978624328
LS08,Laguna Salada,2015,69,90,lentic,perennial,0,0,25.3492,43,9.380758286,723.848460191
LS08,Laguna Salada,2015,90,111,lentic,perennial,0,1,56.159400000000005,64,9.286603928,918.8112812
MC01,Milagra Creek,2015,69,90,lentic,seasonal,0,1,25.3492,43,9.416472435,726.333101228
RC07,Redwood Creek,2015,68,83,lentic,perennial,7,1,25.3492,42,9.290808678,710.746789916
RC11,Redwood Creek,2015,68,83,lentic,seasonal,23.333333333333332,0,25.3492,42,9.344380379,711.9734573009999
RC11,Redwood Creek,2015,83,141,lentic,seasonal,23.333333333333332,0,56.0578,57,9.2821064,851.312273945
RC11,Redwood Creek,2015,141,155,lentic,seasonal,23.333333333333332,1,62.5348,115,10.67844677,1419.579771012
RC14,Redwood Creek,2015,68,83,lentic,perennial,77.14285714285714,0,25.3492,42,9.380094528,713.323140152
RC14,Redwood Creek,2015,83,141,lentic,perennial,77.14285714285714,0,56.0578,57,9.2821064,853.022798548
RC14,Redwood Creek,2015,141,155,lentic,perennial,77.14285714285714,1,62.5348,115,10.67844677,1423.273720749
RC20,Redwood Creek,2015,83,141,both,perennial,0,0,56.0578,57,9.2821064,854.008995996
RC20,Redwood Creek,2015,141,155,both,perennial,0,1,62.5348,115,10.67844677,1424.62292097
RL02,Rodeo Lagoon,2015,68,100,lentic,perennial,4,0,25.3492,42,10.13336086,740.41418746
RL02,Rodeo Lagoon,2015,100,114,lentic,perennial,4,1,56.159400000000005,74,10.28956413,1058.128548645
TV02,Tennessee Valley,2015,69,100,lentic,perennial,3,0,25.3492,43,9.247706413,713.01926708
TV02,Tennessee Valley,2015,100,114,lentic,perennial,3,0,56.159400000000005,74,9.244280815,997.796915052
TV02,Tennessee Valley,2015,114,139,lentic,perennial,3,1,56.2102,88,9.644785881,1130.113215443
KC01,Kanoff Creek,2016,90,102,lentic,seasonal,0,1,22.3012,51,9.366732597,924.361943252
LS01,Laguna Salada,2016,78,82,lentic,perennial,0,0,12.9794,39,9.281540871,809.521950715
LS01,Laguna Salada,2016,82,91,lentic,perennial,0,0,21.1836,43,9.272366524,846.642740244
LS01,Laguna Salada,2016,91,98,lentic,perennial,0,0,22.3266,52,9.3055439,930.101117129
LS01,Laguna Salada,2016,98,104,lentic,perennial,0,0,27.4066,59,9.463703156,995.710075374
LS01,Laguna Salada,2016,104,111,lentic,perennial,0,0,30.6832,65,9.594127655,1052.776374813
LS01,Laguna Salada,2016,111,114,lentic,perennial,0,0,43.1292,72,9.703244209,1120.387430186
LS01,Laguna Salada,2016,114,127,lentic,perennial,0,0,44.3484,75,9.828181267,1149.786204333
LS01,Laguna Salada,2016,127,134,lentic,perennial,0,1,47.3202,88,10.21502304,1280.266151417
LS07,Laguna Salada,2016,68,71,lentic,seasonal,0,0,6.096,29,9.34978199,713.597866042
LS07,Laguna Salada,2016,71,75,lentic,seasonal,0,0,9.5504,32,9.302090645,741.611872657
LS07,Laguna Salada,2016,75,103,lentic,seasonal,0,0,11.7602,36,9.265340805,778.829677566
LS07,Laguna Salada,2016,103,117,lentic,seasonal,0,1,30.6832,64,9.44603157,1039.729885088
LS08,Laguna Salada,2016,68,71,lentic,perennial,0,0,6.096,29,9.34978199,714.467701905
LS08,Laguna Salada,2016,71,75,lentic,perennial,0,0,9.5504,32,9.302090645,742.48170852
LS08,Laguna Salada,2016,75,103,lentic,perennial,0,0,11.7602,36,9.265340805,779.699513429
LS08,Laguna Salada,2016,103,117,lentic,perennial,0,0,30.6832,64,9.48174572,1040.876858707
LS08,Laguna Salada,2016,117,131,lentic,perennial,0,1,44.3738,78,9.886822701,1176.515764234
MC01,Milagra Creek,2016,68,71,lentic,seasonal,0,0,6.096,29,9.388243675,716.916628793
MC01,Milagra Creek,2016,71,103,lentic,seasonal,0,0,9.5504,32,9.337804794,745.035396531
MC01,Milagra Creek,2016,103,117,lentic,seasonal,0,1,30.6832,64,9.48174572,1044.433910322
RC07,Redwood Creek,2016,68,78,lentic,perennial,3.5,0,6.096,29,9.290808678,710.746789916
RC07,Redwood Creek,2016,78,91,lentic,perennial,3.5,0,12.9794,39,9.25539875,803.377543433
RC07,Redwood Creek,2016,91,103,lentic,perennial,3.5,1,22.3266,52,9.236112595,923.279032691
RC10,Redwood Creek,2016,78,91,lentic,seasonal,17.5,0,12.9794,39,9.329115868,806.053814885
RC10,Redwood Creek,2016,91,103,lentic,seasonal,17.5,0,22.3266,52,9.322650909,926.857610699
RC10,Redwood Creek,2016,103,119,lentic,seasonal,17.5,0,30.6832,64,9.479686737,1039.597784993
RC10,Redwood Creek,2016,119,133,lentic,seasonal,17.5,1,44.3738,80,9.906177521,1195.303673741
RC11,Redwood Creek,2016,68,78,lentic,seasonal,29.166666666666668,0,6.096,29,9.344380379,711.9734573009999
RC11,Redwood Creek,2016,78,91,lentic,seasonal,29.166666666666668,0,12.9794,39,9.329115868,804.933729137
RC11,Redwood Creek,2016,91,103,lentic,seasonal,29.166666666666668,0,22.3266,52,9.284189224,925.490146603
RC11,Redwood Creek,2016,103,119,lentic,seasonal,29.166666666666668,0,30.6832,64,9.441225052,1037.8866758
RC11,Redwood Creek,2016,119,133,lentic,seasonal,29.166666666666668,1,44.3738,80,9.872843742,1192.954011882
RC15,Redwood Creek,2016,68,78,lentic,seasonal,9.090909090909092,0,6.096,29,9.380094528,712.260754583
RC15,Redwood Creek,2016,78,91,lentic,seasonal,9.090909090909092,0,12.9794,39,9.329115868,805.581868171
RC15,Redwood Creek,2016,91,103,lentic,seasonal,9.090909090909092,0,22.3266,52,9.322650909,926.385663985
RC15,Redwood Creek,2016,103,119,lentic,seasonal,9.090909090909092,0,30.6832,64,9.441225052,1039.051662444
RC15,Redwood Creek,2016,119,133,lentic,seasonal,9.090909090909092,0,44.3738,80,9.908557892,1194.413412096
RC15,Redwood Creek,2016,133,146,lentic,seasonal,9.090909090909092,0,47.3202,94,10.41287994,1336.932353987
RC15,Redwood Creek,2016,146,175,lentic,seasonal,9.090909090909092,0,49.911,107,10.92598152,1475.222502727
RC15,Redwood Creek,2016,175,195,lentic,seasonal,9.090909090909092,1,71.7804,136,12.0928936,1808.581658387
RL02,Rodeo Lagoon,2016,76,95,lentic,perennial,4,0,11.7602,37,9.824122429,820.022318862
RL02,Rodeo Lagoon,2016,95,119,lentic,perennial,4,0,23.5712,56,10.08339691,1006.975413345
RL02,Rodeo Lagoon,2016,119,138,lentic,perennial,4,1,44.3738,80,10.46666145,1255.311584485
TV02,Tennessee Valley,2016,77,103,lentic,perennial,3,0,11.7602,38,9.149945259,786.478659627
TV02,Tennessee Valley,2016,103,119,lentic,perennial,3,1,30.6832,64,9.32584095,1025.712877271
KC01,Kanoff Creek,2017,51,63,lentic,seasonal,0,1,17.3736,38,9.849019051,555.360416419
KC02,Kanoff Creek,2017,51,63,both,seasonal,32,0,17.3736,38,10.4966383,584.17460921
KC02,Kanoff Creek,2017,63,73,both,seasonal,32,0,21.3614,50,10.29025936,708.82853034
KC02,Kanoff Creek,2017,73,82,both,seasonal,32,0,30.5308,60,10.11797714,810.83671191
KC02,Kanoff Creek,2017,82,97,both,seasonal,32,0,38.8874,69,10.09773254,901.57473948
KC02,Kanoff Creek,2017,97,108,both,seasonal,32,0,48.0314,84,10.30887222,1053.6091328
KC02,Kanoff Creek,2017,108,118,both,seasonal,32,1,66.9798,95,10.41068935,1167.45733646
KC03,Kanoff Creek,2017,51,63,lentic,seasonal,0,0,17.3736,38,10.4966383,583.94206813
KC03,Kanoff Creek,2017,63,73,lentic,seasonal,0,0,21.3614,50,10.29025936,708.59598926
KC03,Kanoff Creek,2017,73,82,lentic,seasonal,0,0,30.5308,60,10.15964413,810.87297824
KC03,Kanoff Creek,2017,82,97,lentic,seasonal,0,0,38.8874,69,10.13939953,901.97639088
KC03,Kanoff Creek,2017,97,108,lentic,seasonal,0,0,48.0314,84,10.30887222,1054.56164078
KC03,Kanoff Creek,2017,108,118,lentic,seasonal,0,1,66.9798,95,10.41068935,1168.40984444
LS01,Laguna Salada,2017,60,69,lentic,perennial,0,0,21.336,47,9.552910805,640.688925735
LS01,Laguna Salada,2017,69,71,lentic,perennial,0,0,27.432,56,9.380758286,725.83275222
LS01,Laguna Salada,2017,71,76,lentic,perennial,0,0,30.2514,58,9.302090645,744.466000549
LS01,Laguna Salada,2017,76,84,lentic,perennial,0,0,38.8874,63,9.293087006,790.976892464
LS01,Laguna Salada,2017,84,96,lentic,perennial,0,0,41.3004,71,9.276350021,865.183609956
LS01,Laguna Salada,2017,96,100,lentic,perennial,0,0,48.0314,83,9.401114464,976.769352908
LS01,Laguna Salada,2017,100,102,lentic,perennial,0,0,57.2262,87,9.496346474,1014.648012157
LS01,Laguna Salada,2017,102,103,lentic,perennial,0,0,66.7512,89,9.528826714,1033.655046459
LS01,Laguna Salada,2017,103,105,lentic,perennial,0,0,66.9036,90,9.527200699,1043.182247158
LS01,Laguna Salada,2017,105,108,lentic,perennial,0,0,66.929,92,9.600112915,1062.376487728
LS01,Laguna Salada,2017,108,110,lentic,perennial,0,0,66.9798,95,9.6558218,1091.310886378
LS01,Laguna Salada,2017,110,112,lentic,perennial,0,0,71.9582,97,9.73470974,1110.684185977
LS01,Laguna Salada,2017,112,115,lentic,perennial,0,0,78.2574,99,9.756368637,1130.143798823
LS01,Laguna Salada,2017,115,117,lentic,perennial,0,0,82.169,102,9.832573891,1159.618778224
LS01,Laguna Salada,2017,117,126,lentic,perennial,0,0,82.169,104,9.886822701,1179.346277233
LS01,Laguna Salada,2017,126,133,lentic,perennial,0,0,87.4014,113,10.20397568,1270.051128377
LS01,Laguna Salada,2017,133,135,lentic,perennial,0,0,105.4354,120,10.47941113,1342.323606487
LS01,Laguna Salada,2017,135,145,lentic,perennial,0,1,105.4354,122,10.48674011,1363.239580147
LS05,Laguna Salada,2017,52,60,lentic,perennial,66.66666666666666,0,18.6944,39,9.693496704,562.693305967
LS05,Laguna Salada,2017,60,78,lentic,perennial,66.66666666666666,0,21.336,47,9.517196655,639.806369779
LS05,Laguna Salada,2017,78,96,lentic,perennial,66.66666666666666,0,38.8874,65,9.281540871,808.397969245
LS05,Laguna Salada,2017,96,106,lentic,perennial,66.66666666666666,0,48.0314,83,9.401114464,975.645371438
LS05,Laguna Salada,2017,106,116,lentic,perennial,66.66666666666666,0,66.9544,93,9.608559608,1070.545464516
LS05,Laguna Salada,2017,116,137,lentic,perennial,66.66666666666666,0,82.169,103,9.840676308,1168.019871712
LS05,Laguna Salada,2017,137,164,lentic,perennial,66.66666666666666,1,105.4354,124,10.55597973,1382.499705314
LS06,Laguna Salada,2017,52,60,lentic,seasonal,8,0,18.6944,39,9.655035019,561.989849082
LS06,Laguna Salada,2017,60,78,lentic,seasonal,8,0,21.336,47,9.47873497,638.803461066
LS06,Laguna Salada,2017,78,96,lentic,seasonal,8,0,38.8874,65,9.281540871,807.124806396
LS06,Laguna Salada,2017,96,116,lentic,seasonal,8,0,48.0314,83,9.362653732,974.333747857
LS06,Laguna Salada,2017,116,137,lentic,seasonal,8,1,82.169,103,9.840676308,1165.900489801
LS07,Laguna Salada,2017,45,52,lentic,seasonal,0,0,11.5824,32,9.952183723,493.080874427
LS07,Laguna Salada,2017,52,60,lentic,seasonal,0,0,18.6944,39,9.655035019,561.726089462
LS07,Laguna Salada,2017,60,78,lentic,seasonal,0,0,21.336,47,9.47873497,638.346477493
LS07,Laguna Salada,2017,78,96,lentic,seasonal,0,0,38.8874,65,9.281540871,806.667822823
LS07,Laguna Salada,2017,96,116,lentic,seasonal,0,0,48.0314,83,9.362653732,973.876764284
LS07,Laguna Salada,2017,116,164,lentic,seasonal,0,1,82.169,103,9.840676308,1165.241950022
LS08,Laguna Salada,2017,45,52,lentic,perennial,0,0,11.5824,32,9.952183723,493.444633477
LS08,Laguna Salada,2017,52,60,lentic,perennial,0,0,18.6944,39,9.655035019,562.089848512
LS08,Laguna Salada,2017,60,96,lentic,perennial,0,0,21.336,47,9.51444912,638.974888795
LS08,Laguna Salada,2017,96,116,lentic,perennial,0,0,48.0314,83,9.362653732,974.746600147
LS08,Laguna Salada,2017,116,137,lentic,perennial,0,1,82.169,103,9.840676308,1166.628941533
MC01,Milagra Creek,2017,45,52,lentic,seasonal,0,0,11.5824,32,9.990645409,495.333120302
MC01,Milagra Creek,2017,52,66,lentic,seasonal,0,0,18.6944,39,9.693496704,564.162400201
MC01,Milagra Creek,2017,66,81,lentic,seasonal,0,0,21.3614,53,9.463074684,698.158944086
MC01,Milagra Creek,2017,81,96,lentic,seasonal,0,1,38.8874,68,9.337471008,838.350607827
RC07,Redwood Creek,2017,52,61,lentic,perennial,0,0,18.6944,39,9.644515038,559.100362762
RC07,Redwood Creek,2017,61,72,lentic,perennial,0,0,21.3614,48,9.458977699,645.093690856
RC07,Redwood Creek,2017,72,81,lentic,perennial,0,0,30.2514,59,9.224354744,747.863740905
RC07,Redwood Creek,2017,81,97,lentic,perennial,0,1,38.8874,68,9.186355591,831.008616431
RC10,Redwood Creek,2017,52,61,lentic,seasonal,25,0,18.6944,39,9.692133904,560.442396162
RC10,Redwood Creek,2017,61,72,lentic,seasonal,25,0,21.3614,48,9.50018692,646.803170201
RC10,Redwood Creek,2017,72,81,lentic,seasonal,25,0,30.2514,59,9.310893059,750.16101646
RC10,Redwood Creek,2017,81,97,lentic,seasonal,25,0,38.8874,68,9.260073662,833.898466107
RC10,Redwood Creek,2017,97,121,lentic,seasonal,25,0,48.0314,84,9.406481743,983.015393254
RC10,Redwood Creek,2017,121,137,lentic,seasonal,25,1,82.169,108,10.03071785,1215.270460126
RC11,Redwood Creek,2017,52,61,lentic,seasonal,35,0,18.6944,39,9.656419754,560.182361567
RC11,Redwood Creek,2017,61,72,lentic,seasonal,35,0,21.3614,48,9.464472771,646.202018702
RC11,Redwood Creek,2017,72,81,lentic,seasonal,35,0,30.2514,59,9.272431374,749.249848331
RC11,Redwood Creek,2017,81,97,lentic,seasonal,35,0,38.8874,68,9.260073662,832.778380359
RC11,Redwood Creek,2017,97,108,lentic,seasonal,35,1,48.0314,84,9.368021011,981.416921581
RC13,Redwood Creek,2017,52,61,lentic,perennial,11.363636363636363,0,18.6944,39,9.698086739,559.780082702
RC13,Redwood Creek,2017,61,72,lentic,perennial,11.363636363636363,0,21.3614,48,9.464472771,646.0210075370001
RC13,Redwood Creek,2017,72,81,lentic,perennial,11.363636363636363,0,30.2514,59,9.310893059,749.378853796
RC13,Redwood Creek,2017,81,97,lentic,perennial,11.363636363636363,0,38.8874,68,9.260073662,833.116303443
RC13,Redwood Creek,2017,97,121,lentic,perennial,11.363636363636363,0,48.0314,84,9.406481743,982.23323059
RC13,Redwood Creek,2017,121,137,lentic,perennial,11.363636363636363,0,82.169,108,10.03309917,1214.30954456
RC13,Redwood Creek,2017,137,151,lentic,perennial,11.363636363636363,1,105.4354,124,10.49714279,1378.41294003
RC15,Redwood Creek,2017,52,61,lentic,seasonal,11.363636363636363,0,18.6944,39,9.698086739,560.280316352
RC15,Redwood Creek,2017,61,72,lentic,seasonal,11.363636363636363,0,21.3614,48,9.464472771,646.331223487
RC15,Redwood Creek,2017,72,81,lentic,seasonal,11.363636363636363,0,30.2514,59,9.310893059,749.689069746
RC15,Redwood Creek,2017,81,97,lentic,seasonal,11.363636363636363,0,38.8874,68,9.260073662,833.426519393
RC15,Redwood Creek,2017,97,121,lentic,seasonal,11.363636363636363,0,48.0314,84,9.406481743,982.54344654
RC15,Redwood Creek,2017,121,137,lentic,seasonal,11.363636363636363,0,82.169,108,10.03309917,1214.430198667
RC15,Redwood Creek,2017,137,151,lentic,seasonal,11.363636363636363,1,105.4354,124,10.49714279,1378.669605267
RC20,Redwood Creek,2017,52,61,both,perennial,0,0,18.6944,39,9.733800888,561.797762856
RC20,Redwood Creek,2017,61,72,both,perennial,0,0,21.3614,48,9.50018692,648.379806504
RC20,Redwood Creek,2017,72,81,both,perennial,0,0,30.2514,59,9.310893059,751.737652763
RC20,Redwood Creek,2017,81,97,both,perennial,0,0,38.8874,68,9.260073662,835.47510241
RC20,Redwood Creek,2017,97,121,both,perennial,0,0,48.0314,84,9.406481743,984.592029557
RC20,Redwood Creek,2017,121,137,both,perennial,0,0,82.169,108,10.066432,1217.45012091
RC20,Redwood Creek,2017,137,138,both,perennial,0,1,105.4354,124,10.49714279,1382.07352351
RC24,Redwood Creek,2017,121,151,lentic,seasonal,0,1,82.169,108,10.02833748,1212.041085238
RC25,Redwood Creek,2017,121,137,lentic,seasonal,10.714285714285715,1,82.169,108,10.03071785,1215.270460126
RL02,Rodeo Lagoon,2017,52,73,lentic,perennial,4,0,18.6944,39,10.33976746,575.91506008
RL02,Rodeo Lagoon,2017,73,81,lentic,perennial,4,1,30.5308,60,9.931923866,790.497345946
TV02,Tennessee Valley,2017,59,81,lentic,perennial,3,0,21.2344,46,9.410702705,620.151384352
TV02,Tennessee Valley,2017,81,108,lentic,perennial,3,0,38.8874,68,9.138278008,823.150094984
TV02,Tennessee Valley,2017,108,137,lentic,perennial,3,1,66.9798,95,9.484358788,1072.692778585
WG01,Wilkins Gulch,2017,66,108,lentic,seasonal,31.470588235294116,0,21.3614,53,9.479072571,695.626922581
WG01,Wilkins Gulch,2017,108,121,lentic,seasonal,31.470588235294116,1,66.9798,95,9.627215385,1090.606554957
KC01,Kanoff Creek,2018,68,82,lentic,seasonal,0,0,11.4554,50,9.426704407,718.339384086
KC01,Kanoff Creek,2018,82,103,lentic,seasonal,0,0,11.938,64,9.355700493,849.574037559
KC01,Kanoff Creek,2018,103,114,lentic,seasonal,0,1,24.638,85,9.527200699,1047.143006332
LS01,Laguna Salada,2018,66,80,lentic,perennial,0,0,11.4554,48,9.504740715,697.691103927
LS01,Laguna Salada,2018,80,87,lentic,perennial,0,0,11.938,62,9.276548386,828.074569696
LS01,Laguna Salada,2018,87,97,lentic,perennial,0,0,11.938,69,9.279340744,892.92476272
LS01,Laguna Salada,2018,97,101,lentic,perennial,0,0,13.3858,79,9.47701931,986.246372218
LS01,Laguna Salada,2018,101,110,lentic,perennial,0,0,24.6126,83,9.478207588,1024.126219745
LS01,Laguna Salada,2018,110,114,lentic,perennial,0,0,25.5778,92,9.73470974,1110.684185977
LS01,Laguna Salada,2018,114,117,lentic,perennial,0,0,29.337,96,9.828181267,1149.786204333
LS01,Laguna Salada,2018,117,122,lentic,perennial,0,0,31.3182,99,9.886822701,1179.346277233
LS01,Laguna Salada,2018,122,129,lentic,perennial,0,0,31.3182,104,10.10650921,1229.450242037
LS01,Laguna Salada,2018,129,135,lentic,perennial,0,0,31.3182,111,10.30689335,1300.853939047
LS01,Laguna Salada,2018,135,142,lentic,perennial,0,1,31.3182,117,10.48674011,1363.239580147
LS07,Laguna Salada,2018,108,128,lentic,seasonal,0,0,24.892,90,9.545107841,1087.354828821
LS07,Laguna Salada,2018,128,169,lentic,seasonal,0,1,31.3182,110,10.24243259,1286.073679904
LS08,Laguna Salada,2018,108,169,lentic,perennial,0,1,24.892,90,9.580821991,1088.706106183
MC01,Milagra Creek,2018,108,128,lentic,seasonal,0,1,24.892,90,9.6558218,1092.562549542
RC07,Redwood Creek,2018,60,79,lentic,perennial,45,0,11.3792,42,9.459939957,635.634713157
RC07,Redwood Creek,2018,79,93,lentic,perennial,45,0,11.938,61,9.226922989,812.604466422
RC07,Redwood Creek,2018,93,103,lentic,perennial,45,0,11.938,75,9.270742416,941.736518843
RC07,Redwood Creek,2018,103,114,lentic,perennial,45,1,24.638,85,9.441225052,1035.330636008
RC11,Redwood Creek,2018,60,79,lentic,seasonal,40.833333333333336,0,11.3792,42,9.498400688,636.737545931
RC11,Redwood Creek,2018,79,114,lentic,seasonal,40.833333333333336,0,11.938,61,9.296853065,814.230582202
RC11,Redwood Creek,2018,114,123,lentic,seasonal,40.833333333333336,0,29.337,96,9.757422447,1143.767965283
RC11,Redwood Creek,2018,123,179,lentic,seasonal,40.833333333333336,0,31.3182,105,10.1179285,1233.131227452
RC11,Redwood Creek,2018,179,180,lentic,seasonal,40.833333333333336,1,50.5968,161,12.25051785,1855.653134342
RC13,Redwood Creek,2018,79,93,lentic,perennial,13.636363636363637,0,11.938,61,9.296853065,814.568505286
RC13,Redwood Creek,2018,93,102,lentic,perennial,13.636363636363637,0,11.938,75,9.361651421,944.728957175
RC13,Redwood Creek,2018,102,114,lentic,perennial,13.636363636363637,0,24.6126,84,9.455173492,1029.300221442
RC13,Redwood Creek,2018,114,123,lentic,perennial,13.636363636363637,0,29.337,96,9.793136597,1144.922187805
RC13,Redwood Creek,2018,123,155,lentic,perennial,13.636363636363637,0,31.3182,105,10.1179285,1234.51163959
RC13,Redwood Creek,2018,155,179,lentic,perennial,13.636363636363637,0,34.163,137,11.22264481,1574.49924947
RC13,Redwood Creek,2018,179,201,lentic,perennial,13.636363636363637,1,50.5968,161,12.16228294,1855.93315125
RC14,Redwood Creek,2018,51,79,lentic,perennial,85.71428571428571,0,8.5344,33,9.749650002,551.145989427
RC14,Redwood Creek,2018,79,93,lentic,perennial,85.71428571428571,0,11.938,61,9.296853065,815.941106805
RC14,Redwood Creek,2018,93,102,lentic,perennial,85.71428571428571,0,11.938,75,9.361651421,946.101558694
RC14,Redwood Creek,2018,102,114,lentic,perennial,85.71428571428571,0,24.6126,84,9.535302162,1030.984637269
RC14,Redwood Creek,2018,114,123,lentic,perennial,85.71428571428571,0,29.337,96,9.793136597,1146.802117357
RC14,Redwood Creek,2018,123,135,lentic,perennial,85.71428571428571,0,31.3182,105,10.1179285,1236.537540439
RC14,Redwood Creek,2018,135,155,lentic,perennial,85.71428571428571,0,31.3182,117,10.50173759,1359.876584059
RC14,Redwood Creek,2018,155,179,lentic,perennial,85.71428571428571,0,34.163,137,11.22264481,1577.353824629
RC14,Redwood Creek,2018,179,180,lentic,perennial,85.71428571428571,1,50.5968,161,12.22110653,1859.636611009
RC15,Redwood Creek,2018,79,93,lentic,seasonal,13.636363636363637,0,11.938,61,9.296853065,814.878721236
RC15,Redwood Creek,2018,93,123,lentic,seasonal,13.636363636363637,0,11.938,75,9.361651421,945.039173125
RC15,Redwood Creek,2018,123,155,lentic,seasonal,13.636363636363637,0,31.3182,105,10.1179285,1234.632293697
RC15,Redwood Creek,2018,155,179,lentic,seasonal,13.636363636363637,0,34.163,137,11.22264481,1575.073317547
RC15,Redwood Creek,2018,179,180,lentic,seasonal,13.636363636363637,1,50.5968,161,12.16228294,1857.032431617
RC20,Redwood Creek,2018,60,79,both,perennial,0,0,11.3792,42,9.536862373,638.879619584
RC20,Redwood Creek,2018,79,102,both,perennial,0,0,11.938,61,9.296853065,816.927304253
RC20,Redwood Creek,2018,102,114,both,perennial,0,0,24.6126,84,9.490887642,1031.694734559
RC20,Redwood Creek,2018,114,123,both,perennial,0,0,29.337,96,9.831598282,1147.773569091
RC20,Redwood Creek,2018,123,135,both,perennial,0,0,31.3182,105,10.15126228,1237.72126387
RC20,Redwood Creek,2018,135,179,both,perennial,0,0,31.3182,117,10.50173759,1361.12578296
RC20,Redwood Creek,2018,179,180,both,perennial,0,1,50.5968,161,12.25051785,1861.22019673
RL02,Rodeo Lagoon,2018,65,80,lentic,perennial,4,1,11.4554,47,10.24725246,709.87727836
TV02,Tennessee Valley,2018,65,94,lentic,perennial,3,0,11.4554,47,9.258241653,675.97969055
TV02,Tennessee Valley,2018,94,107,lentic,perennial,3,0,12.0396,76,9.197901726,942.291850088
TV02,Tennessee Valley,2018,107,123,lentic,perennial,3,1,24.892,89,9.377959251,1063.208419797
WG01,Wilkins Gulch,2018,64,98,lentic,seasonal,31.176470588235293,0,11.4554,46,9.436813354,676.697300884
WG01,Wilkins Gulch,2018,98,108,lentic,seasonal,31.176470588235293,0,13.3858,80,9.426525116,995.406683894
WG01,Wilkins Gulch,2018,108,129,lentic,seasonal,31.176470588235293,1,24.892,90,9.627215385,1090.606554957
KC01,Kanoff Creek,2019,63,79,lentic,seasonal,0,1,21.9456,62,9.533849716,671.065140731
KC02,Kanoff Creek,2019,56,63,both,seasonal,38,0,14.8336,55,10.43836975,636.39217856
KC02,Kanoff Creek,2019,63,79,both,seasonal,38,0,21.9456,62,10.29025936,708.82853034
KC02,Kanoff Creek,2019,79,121,both,seasonal,38,0,25.781,78,10.06046772,871.27111438
KC02,Kanoff Creek,2019,121,122,both,seasonal,38,1,50.8762,120,10.78285313,1305.28470804
LS01,Laguna Salada,2019,55,60,lentic,perennial,0,0,14.8082,54,9.593462944,592.565411559
LS01,Laguna Salada,2019,60,67,lentic,perennial,0,0,21.0058,59,9.552910805,640.688925735
LS01,Laguna Salada,2019,67,78,lentic,perennial,0,0,23.0378,66,9.372646332,707.063750259
LS01,Laguna Salada,2019,78,86,lentic,perennial,0,0,25.7556,77,9.281540871,809.521950715
LS01,Laguna Salada,2019,86,94,lentic,perennial,0,0,28.3464,85,9.227663994,883.645421976
LS01,Laguna Salada,2019,94,103,lentic,perennial,0,0,28.3464,93,9.328244209,958.016866679
LS01,Laguna Salada,2019,103,109,lentic,perennial,0,0,39.5986,102,9.527200699,1043.182247158
LS01,Laguna Salada,2019,109,110,lentic,perennial,0,0,48.8696,108,9.638589859,1100.949476237
LS01,Laguna Salada,2019,110,117,lentic,perennial,0,0,48.8696,109,9.73470974,1110.684185977
LS01,Laguna Salada,2019,117,127,lentic,perennial,0,0,50.673,116,9.886822701,1179.346277233
LS01,Laguna Salada,2019,127,133,lentic,perennial,0,0,60.2996,126,10.21502304,1280.266151417
LS01,Laguna Salada,2019,133,141,lentic,perennial,0,0,62.7888,132,10.47941113,1342.323606487
LS01,Laguna Salada,2019,141,150,lentic,perennial,0,0,82.296,140,10.73200989,1427.066255557
LS01,Laguna Salada,2019,150,158,lentic,perennial,0,0,93.9546,149,11.10412693,1525.717507347
LS01,Laguna Salada,2019,158,171,lentic,perennial,0,1,101.3206,157,11.4320755,1616.237440097
LS08,Laguna Salada,2019,56,70,lentic,perennial,0,0,14.8336,55,9.650274277,600.688462251
LS08,Laguna Salada,2019,70,82,lentic,perennial,0,0,23.0632,69,9.331157684,733.179617875
LS08,Laguna Salada,2019,82,103,lentic,perennial,0,0,26.3144,81,9.272366524,844.658448215
LS08,Laguna Salada,2019,103,129,lentic,perennial,0,0,39.5986,102,9.48174572,1040.876858707
LS08,Laguna Salada,2019,129,165,lentic,perennial,0,1,60.2996,128,10.26843166,1297.729103075
MC01,Milagra Creek,2019,71,82,lentic,seasonal,0,0,23.0886,70,9.337804794,745.035396531
MC01,Milagra Creek,2019,82,120,lentic,seasonal,0,0,26.3144,81,9.314033508,847.6646413349999
MC01,Milagra Creek,2019,120,129,lentic,seasonal,0,1,50.673,119,9.966288567,1210.653185798
RC07,Redwood Creek,2019,63,79,lentic,perennial,90,0,21.9456,62,9.448446274,663.899142249
RC07,Redwood Creek,2019,79,120,lentic,perennial,90,0,25.781,78,9.226922989,812.604466422
RC07,Redwood Creek,2019,120,134,lentic,perennial,90,1,50.673,119,9.888449669,1200.236604673
RC10,Redwood Creek,2019,63,79,lentic,seasonal,20,0,21.9456,62,9.490113258,665.698365208
RC10,Redwood Creek,2019,79,120,lentic,seasonal,20,0,25.781,78,9.296853065,815.35066795
RC10,Redwood Creek,2019,120,144,lentic,seasonal,20,0,50.673,119,9.936068535,1205.239742276
RC10,Redwood Creek,2019,144,145,lentic,seasonal,20,1,82.296,143,10.84863758,1454.239428536
RC11,Redwood Creek,2019,63,79,lentic,seasonal,46.666666666666664,0,21.9456,62,9.490113258,665.097213709
RC11,Redwood Creek,2019,79,120,lentic,seasonal,46.666666666666664,0,25.781,78,9.296853065,814.230582202
RC11,Redwood Creek,2019,120,129,lentic,seasonal,46.666666666666664,1,50.673,119,9.94202137,1202.896033252
RC13,Redwood Creek,2019,79,120,lentic,perennial,15.909090909090908,0,25.781,78,9.296853065,814.568505286
RC13,Redwood Creek,2019,120,144,lentic,perennial,15.909090909090908,0,50.673,119,9.983687401,1204.27644539
RC13,Redwood Creek,2019,144,154,lentic,perennial,15.909090909090908,0,82.296,143,10.82043266,1453.12015725
RC13,Redwood Creek,2019,154,155,lentic,perennial,15.909090909090908,1,97.409,153,11.19235516,1563.27660466
RC15,Redwood Creek,2019,79,120,lentic,seasonal,15.909090909090908,0,25.781,78,9.296853065,814.878721236
RC15,Redwood Creek,2019,120,144,lentic,seasonal,15.909090909090908,0,50.673,119,9.983687401,1204.397099497
RC15,Redwood Creek,2019,144,145,lentic,seasonal,15.909090909090908,1,82.296,143,10.85376644,1453.441406267
RC20,Redwood Creek,2019,79,120,both,perennial,0,0,25.781,78,9.296853065,816.927304253
RC20,Redwood Creek,2019,120,129,both,perennial,0,0,50.673,119,10.01940155,1207.38368891
RC20,Redwood Creek,2019,129,144,both,perennial,0,1,60.2996,128,10.26567936,1298.89781951
RC25,Redwood Creek,2019,63,79,lentic,seasonal,12.142857142857142,0,21.9456,62,9.490113258,665.698365208
RC25,Redwood Creek,2019,79,169,lentic,seasonal,12.142857142857142,0,25.781,78,9.296853065,815.35066795
RC25,Redwood Creek,2019,169,170,lentic,seasonal,12.142857142857142,1,103.2764,168,11.75910187,1737.445297266
RL02,Rodeo Lagoon,2019,63,73,lentic,perennial,7,1,21.9456,62,10.25998497,689.37337116
TV02,Tennessee Valley,2019,63,79,lentic,perennial,3,0,21.9456,62,9.323446274,657.463207244
TV02,Tennessee Valley,2019,79,120,lentic,perennial,3,0,25.781,78,9.167482376,804.85346317
TV02,Tennessee Valley,2019,120,121,lentic,perennial,3,1,50.673,119,9.787259102,1188.538627622
WG01,Wilkins Gulch,2019,63,73,lentic,seasonal,30.88235294117647,1,21.9456,62,9.531779289,667.26048753
KC01,Kanoff Creek,2020,59,63,lentic,seasonal,0,0,4.6736,3,9.603578568,632.946483619
KC01,Kanoff Creek,2020,63,76,lentic,seasonal,0,0,16.2052,7,9.533849716,671.065140731
KC01,Kanoff Creek,2020,76,80,lentic,seasonal,0,1,24.1554,20,9.370010376,793.41022683
LS01,Laguna Salada,2020,69,80,lentic,perennial,0,0,21.082,13,9.380758286,725.83275222
LS01,Laguna Salada,2020,80,87,lentic,perennial,0,0,28.321,24,9.276548386,828.074569696
LS01,Laguna Salada,2020,87,94,lentic,perennial,0,0,33.2994,31,9.279340744,892.92476272
LS01,Laguna Salada,2020,94,101,lentic,perennial,0,0,36.703,38,9.328244209,958.016866679
LS01,Laguna Salada,2020,101,108,lentic,perennial,0,0,37.6174,45,9.478207588,1024.126219745
LS01,Laguna Salada,2020,108,115,lentic,perennial,0,0,42.291,52,9.6558218,1091.310886378
LS01,Laguna Salada,2020,115,122,lentic,perennial,0,1,44.3992,59,9.832573891,1159.618778224
LS07,Laguna Salada,2020,63,99,lentic,seasonal,0,0,16.2052,7,9.450515747,666.713047965
LS07,Laguna Salada,2020,99,115,lentic,seasonal,0,0,36.83,43,9.357673645,1002.018109308
LS07,Laguna Salada,2020,115,121,lentic,seasonal,0,1,44.3992,59,9.832573891,1155.401273714
MC01,Milagra Creek,2020,70,79,lentic,seasonal,0,0,21.5392,14,9.364490509,735.697591737
MC01,Milagra Creek,2020,79,82,lentic,seasonal,0,0,28.2956,23,9.31453228,819.694921449
MC01,Milagra Creek,2020,82,98,lentic,seasonal,0,0,31.9532,26,9.314033508,847.6646413349999
MC01,Milagra Creek,2020,98,100,lentic,seasonal,0,1,36.8046,42,9.42524147,997.167450857
RC07,Redwood Creek,2020,63,70,lentic,perennial,90,0,16.2052,7,9.448446274,663.899142249
RC07,Redwood Creek,2020,70,80,lentic,perennial,90,0,21.5392,14,9.306447983,729.363881095
RC07,Redwood Creek,2020,80,91,lentic,perennial,90,0,28.321,24,9.217794418,821.82226084
RC07,Redwood Creek,2020,91,106,lentic,perennial,90,1,36.703,35,9.236112595,923.279032691
RC10,Redwood Creek,2020,70,80,lentic,seasonal,25,0,21.5392,14,9.383371353,731.524618144
RC10,Redwood Creek,2020,80,91,lentic,seasonal,25,0,28.321,24,9.287724495,824.638392445
RC10,Redwood Creek,2020,91,121,lentic,seasonal,25,0,36.703,35,9.322650909,926.857610699
RC10,Redwood Creek,2020,121,147,lentic,seasonal,25,0,44.8818,65,10.03071785,1215.270460126
RC10,Redwood Creek,2020,147,148,lentic,seasonal,25,1,44.8818,91,11.03283882,1487.120030426
RC11,Redwood Creek,2020,70,80,lentic,seasonal,52.5,0,21.5392,14,9.341704369,730.685245479
RC11,Redwood Creek,2020,80,91,lentic,seasonal,52.5,0,28.321,24,9.287724495,823.518306697
RC11,Redwood Creek,2020,91,121,lentic,seasonal,52.5,0,36.703,35,9.284189224,925.490146603
RC11,Redwood Creek,2020,121,136,lentic,seasonal,52.5,1,44.8818,65,10.03309917,1212.929132422
RC15,Redwood Creek,2020,70,80,lentic,seasonal,18.181818181818183,0,21.5392,14,9.383371353,731.05267143
RC15,Redwood Creek,2020,80,91,lentic,seasonal,18.181818181818183,0,28.321,24,9.287724495,824.166445731
RC15,Redwood Creek,2020,91,121,lentic,seasonal,18.181818181818183,0,36.703,35,9.322650909,926.385663985
RC15,Redwood Creek,2020,121,136,lentic,seasonal,18.181818181818183,1,44.8818,65,10.03309917,1214.430198667
RC20,Redwood Creek,2020,70,91,both,perennial,0,0,21.5392,14,9.383371353,733.101254447
RC20,Redwood Creek,2020,91,121,both,perennial,0,0,36.703,35,9.322650909,928.434247002
RC20,Redwood Creek,2020,121,141,both,perennial,0,1,44.8818,65,10.066432,1217.45012091
RC25,Redwood Creek,2020,63,70,lentic,seasonal,12.857142857142856,0,16.2052,7,9.490113258,665.698365208
RC25,Redwood Creek,2020,70,80,lentic,seasonal,12.857142857142856,0,21.5392,14,9.383371353,731.524618144
RC25,Redwood Creek,2020,80,91,lentic,seasonal,12.857142857142856,0,28.321,24,9.287724495,824.638392445
RC25,Redwood Creek,2020,91,121,lentic,seasonal,12.857142857142856,0,36.703,35,9.322650909,926.857610699
RC25,Redwood Creek,2020,121,135,lentic,seasonal,12.857142857142856,0,44.8818,65,10.03071785,1215.270460126
RC25,Redwood Creek,2020,135,147,lentic,seasonal,12.857142857142856,1,44.8818,79,10.46840382,1358.567576416
RL02,Rodeo Lagoon,2020,63,77,lentic,perennial,10,0,16.2052,7,10.25998497,689.37337116
RL02,Rodeo Lagoon,2020,77,94,lentic,perennial,10,1,24.2316,21,9.836234093,829.858552955
TV02,Tennessee Valley,2020,80,97,lentic,perennial,3,1,28.321,24,9.158353806,814.011816976
WG01,Wilkins Gulch,2020,63,77,lentic,seasonal,30.588235294117645,0,16.2052,7,9.531779289,667.26048753
WG01,Wilkins Gulch,2020,77,90,lentic,seasonal,30.588235294117645,1,24.2316,21,9.358279228,798.832675907
KC01,Kanoff Creek,2021,47,78,lentic,seasonal,0,0,4.064,4,9.930558205,515.951272018
KC01,Kanoff Creek,2021,78,82,lentic,seasonal,0,0,9.906,35,9.36866188,812.122534759
KC01,Kanoff Creek,2021,82,96,lentic,seasonal,0,0,9.906,39,9.355700493,849.574037559
KC01,Kanoff Creek,2021,96,106,lentic,seasonal,0,1,15.8496,53,9.439576149,980.730112082
LS01,Laguna Salada,2021,98,111,lentic,perennial,0,0,16.002,55,9.463703156,995.710075374
LS01,Laguna Salada,2021,111,120,lentic,perennial,0,0,16.1798,68,9.703244209,1120.387430186
LS01,Laguna Salada,2021,120,126,lentic,perennial,0,0,23.5712,77,10.00475025,1209.296761507
LS01,Laguna Salada,2021,126,133,lentic,perennial,0,0,25.0952,83,10.20397568,1270.051128377
LS01,Laguna Salada,2021,133,145,lentic,perennial,0,0,26.8478,90,10.47941113,1342.323606487
LS01,Laguna Salada,2021,145,155,lentic,perennial,0,0,27.5336,102,10.89298725,1470.480820647
LS01,Laguna Salada,2021,155,162,lentic,perennial,0,1,27.9654,112,11.35641003,1582.046287527
LS08,Laguna Salada,2021,50,98,lentic,perennial,0,0,4.6228,7,9.758838654,542.657222741
LS08,Laguna Salada,2021,98,112,lentic,perennial,0,0,16.002,55,9.42524147,993.610399242
LS08,Laguna Salada,2021,112,131,lentic,perennial,0,0,16.1798,69,9.717906952,1127.384714123
LS08,Laguna Salada,2021,131,181,lentic,perennial,0,1,25.0952,88,10.30803585,1318.293549525
MC01,Milagra Creek,2021,50,77,lentic,seasonal,0,0,4.6228,7,9.797299385,544.655598596
MC01,Milagra Creek,2021,77,102,lentic,seasonal,0,0,8.9154,34,9.305184364,801.057182267
MC01,Milagra Creek,2021,102,113,lentic,seasonal,0,0,16.1544,59,9.487159729,1034.952164602
MC01,Milagra Creek,2021,113,131,lentic,seasonal,0,0,17.3228,70,9.814224243,1141.20968623
MC01,Milagra Creek,2021,131,146,lentic,seasonal,0,1,25.0952,88,10.30803585,1322.953746738
RC07,Redwood Creek,2021,78,102,lentic,perennial,90,0,9.906,35,9.25539875,803.377543433
RC07,Redwood Creek,2021,102,113,lentic,perennial,90,0,16.1544,59,9.401601791,1025.889410956
RC07,Redwood Creek,2021,113,132,lentic,perennial,90,0,17.3228,70,9.75228405,1131.327944738
RC07,Redwood Creek,2021,132,146,lentic,perennial,90,1,25.0952,89,10.30996132,1321.859848955
RC10,Redwood Creek,2021,68,97,lentic,seasonal,30,0,4.6228,25,9.380094528,712.732701297
RC10,Redwood Creek,2021,97,113,lentic,seasonal,30,0,16.002,54,9.406481743,983.015393254
RC10,Redwood Creek,2021,113,132,lentic,seasonal,30,0,17.3228,70,9.785250664,1136.101596828
RC10,Redwood Creek,2021,132,155,lentic,seasonal,30,1,25.0952,89,10.31270885,1327.370841026
RC11,Redwood Creek,2021,68,97,lentic,seasonal,58.333333333333336,0,4.6228,25,9.344380379,711.9734573009999
RC11,Redwood Creek,2021,97,102,lentic,seasonal,58.333333333333336,0,16.002,54,9.368021011,981.416921581
RC11,Redwood Creek,2021,102,113,lentic,seasonal,58.333333333333336,0,16.1544,59,9.455173492,1028.445450748
RC11,Redwood Creek,2021,113,132,lentic,seasonal,58.333333333333336,0,17.3228,70,9.746789932,1134.010542836
RC11,Redwood Creek,2021,132,146,lentic,seasonal,58.333333333333336,1,25.0952,89,10.27699375,1324.946613282
RC20,Redwood Creek,2021,68,102,both,perennial,0,0,4.6228,25,9.380094528,714.3093376
RC20,Redwood Creek,2021,102,113,both,perennial,0,0,16.1544,59,9.490887642,1031.694734559
RC20,Redwood Creek,2021,113,132,both,perennial,0,0,17.3228,70,9.820965767,1137.941970809
RC20,Redwood Creek,2021,132,146,both,perennial,0,1,25.0952,89,10.31545544,1329.78738117
RL02,Rodeo Lagoon,2021,77,99,lentic,perennial,10,0,8.9154,34,9.836234093,829.858552955
RL02,Rodeo Lagoon,2021,99,117,lentic,perennial,10,1,16.129,56,10.27529335,1047.838984515
TV02,Tennessee Valley,2021,68,103,lentic,perennial,3,0,4.6228,25,9.231285095,703.771560667
TV02,Tennessee Valley,2021,103,134,lentic,perennial,3,1,16.1544,60,9.32584095,1025.712877271
WG01,Wilkins Gulch,2021,94,112,lentic,seasonal,30.294117647058822,0,13.5382,51,9.390209198,957.708001109
WG01,Wilkins Gulch,2021,112,128,lentic,seasonal,30.294117647058822,0,16.1798,69,9.753151894,1129.494849177
WG01,Wilkins Gulch,2021,128,148,lentic,seasonal,30.294117647058822,1,25.0952,85,10.22499561,1289.94435499
KC01,Kanoff Creek,2022,31,38,lentic,seasonal,0,0,38.9382,12,10.40898132,352.99782848
KC01,Kanoff Creek,2022,38,69,lentic,seasonal,0,1,42.9768,19,10.23421955,425.20831776
LS01,Laguna Salada,2022,26,38,lentic,perennial,0,0,36.6014,7,10.57653141,299.91903972
LS01,Laguna Salada,2022,38,40,lentic,perennial,0,0,42.9768,19,10.16450787,424.17315768
LS01,Laguna Salada,2022,40,54,lentic,perennial,0,0,46.8884,21,10.12699604,444.47556304
LS01,Laguna Salada,2022,54,63,lentic,perennial,0,0,47.117,35,9.705270767,582.971948615
LS01,Laguna Salada,2022,63,70,lentic,perennial,0,0,47.117,44,9.533849716,669.254672042
LS01,Laguna Salada,2022,70,74,lentic,perennial,0,0,47.1424,51,9.331157684,735.163909904
LS01,Laguna Salada,2022,74,77,lentic,perennial,0,0,60.6806,55,9.326328278,772.418464653
LS01,Laguna Salada,2022,77,80,lentic,perennial,0,0,64.1096,58,9.26351738,800.240409844
LS01,Laguna Salada,2022,80,84,lentic,perennial,0,0,64.1096,61,9.276548386,828.074569696
LS01,Laguna Salada,2022,84,90,lentic,perennial,0,0,71.4756,65,9.276350021,865.183609956
LS01,Laguna Salada,2022,90,96,lentic,perennial,0,0,76.83500000000001,71,9.286603928,920.795573229
LS01,Laguna Salada,2022,96,105,lentic,perennial,0,0,80.01,77,9.401114464,976.769352908
LS01,Laguna Salada,2022,105,111,lentic,perennial,0,0,80.7212,86,9.600112915,1062.376487728
LS01,Laguna Salada,2022,111,118,lentic,perennial,0,0,80.7212,92,9.703244209,1120.387430186
LS01,Laguna Salada,2022,118,126,lentic,perennial,0,0,80.7212,99,9.95452404,1189.300801273
LS01,Laguna Salada,2022,126,133,lentic,perennial,0,0,80.7212,107,10.20397568,1270.051128377
LS01,Laguna Salada,2022,133,139,lentic,perennial,0,0,80.7212,114,10.47941113,1342.323606487
LS01,Laguna Salada,2022,139,146,lentic,perennial,0,0,80.7212,120,10.64807701,1405.605631817
LS01,Laguna Salada,2022,146,154,lentic,perennial,0,0,80.8736,127,10.96756744,1481.448388087
LS01,Laguna Salada,2022,154,161,lentic,perennial,0,1,81.1784,135,11.289396289999999,1570.689877497
LS06,Laguna Salada,2022,33,45,lentic,seasonal,9.666666666666668,0,39.0652,14,10.27403831,371.91268634
LS06,Laguna Salada,2022,45,60,lentic,seasonal,9.666666666666668,0,46.9138,26,9.952183723,493.344634047
LS06,Laguna Salada,2022,60,77,lentic,seasonal,9.666666666666668,0,47.117,41,9.47873497,638.803461066
LS06,Laguna Salada,2022,77,91,lentic,seasonal,9.666666666666668,0,64.1096,58,9.26351738,797.843265525
LS06,Laguna Salada,2022,91,103,lentic,seasonal,9.666666666666668,1,76.83500000000001,72,9.3055439,927.70397281
LS07,Laguna Salada,2022,33,45,lentic,seasonal,0,0,39.0652,14,10.27403831,371.64892672
LS07,Laguna Salada,2022,45,60,lentic,seasonal,0,0,46.9138,26,9.952183723,493.080874427
LS07,Laguna Salada,2022,60,77,lentic,seasonal,0,0,47.117,41,9.47873497,638.346477493
LS07,Laguna Salada,2022,77,91,lentic,seasonal,0,0,64.1096,58,9.26351738,797.386281952
LS07,Laguna Salada,2022,91,103,lentic,seasonal,0,1,76.83500000000001,72,9.3055439,927.246989237
LS08,Laguna Salada,2022,33,45,lentic,perennial,0,0,39.0652,14,10.27403831,372.01268577
LS08,Laguna Salada,2022,45,60,lentic,perennial,0,0,46.9138,26,9.952183723,493.444633477
LS08,Laguna Salada,2022,60,77,lentic,perennial,0,0,47.117,41,9.51444912,638.974888795
LS08,Laguna Salada,2022,77,91,lentic,perennial,0,0,64.1096,58,9.26351738,798.256117815
LS08,Laguna Salada,2022,91,103,lentic,perennial,0,0,76.83500000000001,72,9.3055439,928.1168251
LS08,Laguna Salada,2022,103,140,lentic,perennial,0,1,80.7212,84,9.48174572,1040.876858707
MC01,Milagra Creek,2022,33,45,lentic,seasonal,0,0,39.0652,14,10.30528831,373.42450043
MC01,Milagra Creek,2022,45,60,lentic,seasonal,0,0,46.9138,26,9.990645409,495.333120302
MC01,Milagra Creek,2022,60,77,lentic,seasonal,0,0,47.117,41,9.552910805,641.346892313
MC01,Milagra Creek,2022,77,93,lentic,seasonal,0,0,64.1096,58,9.305184364,801.057182267
MC01,Milagra Creek,2022,93,103,lentic,seasonal,0,0,76.83500000000001,74,9.345098495,950.148744536
MC01,Milagra Creek,2022,103,115,lentic,seasonal,0,1,80.7212,84,9.48174572,1044.433910322
RC07,Redwood Creek,2022,54,68,lentic,perennial,92.5,0,47.117,35,9.630954742,578.416048987
RC07,Redwood Creek,2022,68,88,lentic,perennial,92.5,0,47.1424,49,9.290808678,710.746789916
RC07,Redwood Creek,2022,88,101,lentic,perennial,92.5,0,74.9554,69,9.272361755,895.547946913
RC07,Redwood Creek,2022,101,117,lentic,perennial,92.5,1,80.7212,82,9.360679626,1016.487809165
RC11,Redwood Creek,2022,54,68,lentic,seasonal,64.16666666666666,0,47.117,35,9.630954742,579.483625376
RC11,Redwood Creek,2022,68,88,lentic,seasonal,64.16666666666666,0,47.1424,49,9.344380379,711.9734573009999
RC11,Redwood Creek,2022,88,101,lentic,seasonal,64.16666666666666,0,74.9554,69,9.272361755,897.686509098
RC11,Redwood Creek,2022,101,117,lentic,seasonal,64.16666666666666,0,80.7212,82,9.399141312,1018.990277256
RC11,Redwood Creek,2022,117,131,lentic,seasonal,64.16666666666666,1,80.7212,98,9.811114311,1173.218505825
RC13,Redwood Creek,2022,54,68,lentic,perennial,22.727272727272727,0,47.117,35,9.666668892,579.148310661
RC13,Redwood Creek,2022,68,88,lentic,perennial,22.727272727272727,0,47.1424,49,9.380094528,711.950538633
RC13,Redwood Creek,2022,88,101,lentic,perennial,22.727272727272727,0,74.9554,69,9.314027786,898.146226882
RC13,Redwood Creek,2022,101,117,lentic,perennial,22.727272727272727,0,80.7212,82,9.399141312,1019.84504795
RC13,Redwood Creek,2022,117,146,lentic,perennial,22.727272727272727,1,80.7212,98,9.852781296,1174.485823632
RC15,Redwood Creek,2022,54,68,lentic,seasonal,22.727272727272727,0,47.117,35,9.630954742,579.612830161
RC15,Redwood Creek,2022,68,88,lentic,seasonal,22.727272727272727,0,47.1424,49,9.380094528,712.260754583
RC15,Redwood Creek,2022,88,101,lentic,seasonal,22.727272727272727,0,74.9554,69,9.314027786,898.456442832
RC15,Redwood Creek,2022,101,117,lentic,seasonal,22.727272727272727,0,80.7212,82,9.399141312,1020.1552639
RC15,Redwood Creek,2022,117,131,lentic,seasonal,22.727272727272727,1,80.7212,98,9.852781296,1174.606477739
RC20,Redwood Creek,2022,54,68,both,perennial,0,0,47.117,35,9.702383995,581.240167603
RC20,Redwood Creek,2022,68,88,both,perennial,0,0,47.1424,49,9.380094528,714.3093376
RC20,Redwood Creek,2022,88,101,both,perennial,0,0,74.9554,69,9.314027786,900.505025849
RC20,Redwood Creek,2022,101,117,both,perennial,0,0,80.7212,82,9.399141312,1022.203846917
RC20,Redwood Creek,2022,117,146,both,perennial,0,1,80.7212,98,9.929704666,1177.48555754
RC25,Redwood Creek,2022,117,131,lentic,seasonal,14.285714285714285,1,80.7212,98,9.888037682,1175.496373173
RL02,Rodeo Lagoon,2022,34,49,lentic,perennial,10,1,39.8272,15,10.665308,386.70405295
TV02,Tennessee Valley,2022,54,70,lentic,perennial,9,1,47.117,35,9.523812294,573.047879218
TV06,Tennessee Valley,2022,54,70,lentic,perennial,25.625,0,47.117,35,9.702383995,576.592465374
TV06,Tennessee Valley,2022,70,112,lentic,perennial,25.625,0,47.1424,51,9.640238762,730.885279631
TV06,Tennessee Valley,2022,112,166,lentic,perennial,25.625,0,80.7212,93,9.753151894,1134.848813986
TV06,Tennessee Valley,2022,166,173,lentic,perennial,25.625,0,81.3816,147,11.61179733,1707.056078885
TV06,Tennessee Valley,2022,173,174,lentic,perennial,25.625,1,81.407,154,11.93338966,1789.845672565
WG01,Wilkins Gulch,2022,43,53,lentic,seasonal,30,1,46.9138,24,10.0309782,472.93420789
KC01,Kanoff Creek,2023,58,68,lentic,seasonal,0,0,4.0386,27,9.684626579,623.342905051
KC01,Kanoff Creek,2023,68,81,lentic,seasonal,0,0,9.9822,37,9.426704407,718.339384086
KC01,Kanoff Creek,2023,81,94,lentic,seasonal,0,0,15.621,50,9.382925987,840.218337066
KC01,Kanoff Creek,2023,94,115,lentic,seasonal,0,1,47.8282,63,9.405625343,961.900702483
LS01,Laguna Salada,2023,62,73,lentic,perennial,0,0,7.366,31,9.522613525,659.720822326
LS01,Laguna Salada,2023,73,82,lentic,perennial,0,0,15.621,42,9.331264496,763.092136375
LS01,Laguna Salada,2023,82,88,lentic,perennial,0,0,15.621,51,9.272366524,846.642740244
LS01,Laguna Salada,2023,88,94,lentic,perennial,0,0,27.305000000000003,57,9.273799896,902.198562616
LS01,Laguna Salada,2023,94,97,lentic,perennial,0,0,47.8282,63,9.328244209,958.016866679
LS01,Laguna Salada,2023,97,101,lentic,perennial,0,0,51.562000000000005,66,9.47701931,986.246372218
LS01,Laguna Salada,2023,101,111,lentic,perennial,0,0,68.8086,70,9.478207588,1024.126219745
LS01,Laguna Salada,2023,111,117,lentic,perennial,0,1,80.3402,80,9.703244209,1120.387430186
LS06,Laguna Salada,2023,68,81,lentic,seasonal,10,0,9.9822,37,9.34978199,714.054849615
LS06,Laguna Salada,2023,81,108,lentic,seasonal,10,0,15.621,50,9.295804024,834.973229401
LS06,Laguna Salada,2023,108,114,lentic,seasonal,10,1,80.3402,77,9.580821991,1087.977654451
LS07,Laguna Salada,2023,68,81,lentic,seasonal,0,0,9.9822,37,9.34978199,713.597866042
LS07,Laguna Salada,2023,81,108,lentic,seasonal,0,0,15.621,50,9.295804024,834.516245828
LS07,Laguna Salada,2023,108,114,lentic,seasonal,0,1,80.3402,77,9.545107841,1087.354828821
LS08,Laguna Salada,2023,68,81,lentic,perennial,0,0,9.9822,37,9.34978199,714.467701905
LS08,Laguna Salada,2023,81,108,lentic,perennial,0,0,15.621,50,9.295804024,835.386081691
LS08,Laguna Salada,2023,108,114,lentic,perennial,0,1,80.3402,77,9.580821991,1088.706106183
RC07,Redwood Creek,2023,68,115,lentic,perennial,95,0,9.9822,37,9.290808678,710.746789916
RC07,Redwood Creek,2023,115,153,lentic,perennial,95,1,80.3402,84,9.779551506,1150.870413763
RC10,Redwood Creek,2023,68,115,lentic,seasonal,60,0,9.9822,37,9.380094528,712.732701297
RC10,Redwood Creek,2023,115,129,lentic,seasonal,60,0,80.3402,84,9.815265656,1155.712746616
RC10,Redwood Creek,2023,129,177,lentic,seasonal,60,1,84.65820000000001,98,10.22721767,1296.486108786
RC11,Redwood Creek,2023,68,115,lentic,seasonal,70,0,9.9822,37,9.344380379,711.9734573009999
RC11,Redwood Creek,2023,115,129,lentic,seasonal,70,1,80.3402,84,9.779551506,1153.547516789
RC13,Redwood Creek,2023,68,115,lentic,perennial,25,0,9.9822,37,9.380094528,711.950538633
RC13,Redwood Creek,2023,115,129,lentic,perennial,25,0,80.3402,84,9.815265656,1154.737453461
RC13,Redwood Creek,2023,129,177,lentic,perennial,25,1,84.65820000000001,98,10.19425106,1295.43782998
RC15,Redwood Creek,2023,68,115,lentic,seasonal,25,0,9.9822,37,9.380094528,712.260754583
RC15,Redwood Creek,2023,115,129,lentic,seasonal,25,0,80.3402,84,9.815265656,1154.858107568
RC15,Redwood Creek,2023,129,153,lentic,seasonal,25,1,84.65820000000001,98,10.22996521,1295.629912387
RC20,Redwood Creek,2023,68,115,both,perennial,0,0,9.9822,37,9.380094528,714.3093376
RC20,Redwood Creek,2023,115,129,both,perennial,0,0,80.3402,84,9.850980759,1157.62454985
RC20,Redwood Creek,2023,129,153,both,perennial,0,0,84.65820000000001,98,10.26567936,1298.89781951
RC20,Redwood Creek,2023,153,167,both,perennial,0,1,95.6056,122,11.14309978,1556.59045695
RC24,Redwood Creek,2023,68,115,lentic,seasonal,17,0,9.9822,37,9.332475662,711.142434114
RC24,Redwood Creek,2023,115,129,lentic,seasonal,17,0,80.3402,84,9.779551506,1152.568718904
RC24,Redwood Creek,2023,129,167,lentic,seasonal,17,1,84.65820000000001,98,10.18875599,1293.029809938
RC25,Redwood Creek,2023,68,115,lentic,seasonal,15,0,9.9822,37,9.380094528,712.732701297
RC25,Redwood Creek,2023,115,129,lentic,seasonal,15,1,80.3402,84,9.815265656,1155.712746616
RL02,Rodeo Lagoon,2023,68,82,lentic,perennial,10,0,9.9822,37,10.13336086,740.41418746
RL02,Rodeo Lagoon,2023,82,86,lentic,perennial,10,0,15.621,51,9.724230766,878.617164633
RL02,Rodeo Lagoon,2023,86,117,lentic,perennial,10,1,17.8816,55,9.833346367,917.713482878
TV02,Tennessee Valley,2023,69,81,lentic,perennial,15,0,9.9822,38,9.247706413,713.01926708
TV02,Tennessee Valley,2023,81,117,lentic,perennial,15,1,15.621,50,9.138278008,823.150094984
WG01,Wilkins Gulch,2023,67,88,lentic,seasonal,30,0,9.6012,36,9.41018486,705.037107441
WG01,Wilkins Gulch,2023,88,100,lentic,seasonal,30,1,27.305000000000003,57,9.355694771,901.546980831
WU02,West Union,2023,132,153,lentic,seasonal,30,1,84.65820000000001,101,10.30703735,1327.384865784
