LocationID,BRDYEAR,mean_max_depth,max_depth,AirTemp,WaterTemp,num_egg_masses,mean_percent_sub,mean_percent_emerg,mean_percent_water,dry_year,proportion_high_water_vis,proportion_na_water_vis,Watershed,CoastalSite,yearly_rain,yearly_rain_lag,interpolated_canopy,water_flow,water_regime,WaterVis,complete_case,BRDYEAR_scaled,mean_percent_sub_scaled,mean_percent_emerg_scaled,mean_percent_water_scaled,interpolated_canopy_scaled,yearly_rain_scaled,mean_max_depth_scaled,max_depth_scaled,AirTemp_scaled,WaterTemp_scaled,yearly_rain_lag_scaled,num_egg_masses_lag
MC01,2003,1.245,1.28,14.3,9.875,53,0,20,80,FALSE,0.5,0.5,Milagra Creek,FALSE,39.8,38.79,0,lentic,seasonal,1,TRUE,-3.0283216623309954,-0.611430682470649,-0.5975838710909821,0.8623897734812643,-0.8129911935583201,0.37409633769180034,0.7209136699996482,0.176753523244385,-0.8292743818418955,-0.8744211427761702,0.34154497929776756,NA
RL02,2007,2,2,12.5,9.08,2,0,9,90,FALSE,0.5,0.2,Rodeo Lagoon,FALSE,24.29,32.29,3,lentic,perennial,0,TRUE,-2.1674080894823766,-0.611430682470649,-1.0207110376819961,1.239374774322949,-0.7235452752407847,-0.7927841129614971,2.345263591107594,1.353931988051989,-1.6042911438747862,-1.1705184475159052,-0.19067370645112883,NA
LS05,2008,1.5,1.5,14.25,11.5,18,17.5,26.25,55,FALSE,0.25,0,Laguna Salada,FALSE,31.21,47.34,16.666666666666664,lentic,perennial,1,TRUE,-1.952179696270222,0.7792216002909652,-0.35717070825517866,-0.08007272862294781,-0.31606942512756775,-0.27216433742823976,1.2695351665327952,0.5364469430467085,-0.8508026252316984,-0.2691908028993534,1.0416172505520853,NA
LS06,2008,1.1,1.3,14,12.375,1,0,1.5,98.75,FALSE,0,0.25,Laguna Salada,FALSE,31.21,47.34,5,lentic,seasonal,0,TRUE,-1.952179696270222,-0.611430682470649,-1.30920683308496,1.5692366500594235,-0.6639146630290944,-0.27216433742823976,0.4089524268729565,0.20945292504459626,-0.9584438421807109,0.05670245703431725,1.0416172505520853,NA
LS08,2008,1.47,1.75,13.6,14,4,0,0.625,99.25,FALSE,0,0.4,Laguna Salada,TRUE,31.21,47.34,0,lentic,perennial,0,TRUE,-1.952179696270222,-0.611430682470649,-1.3428646758819724,1.5880859001015075,-0.8129911935583201,-0.27216433742823976,1.2049914610583072,0.9451894655493488,-1.130669789299131,0.661932796911134,1.0416172505520853,NA
MC01,2008,1.08,1.5,12.6,11.7,61,2.2,42,57.6,FALSE,0,0,Milagra Creek,FALSE,31.21,47.34,0,lentic,seasonal,0,TRUE,-1.952179696270222,-0.43660582406633175,0.24867046209104585,0.0179433715958903,-0.8129911935583201,-0.27216433742823976,0.36592328988996453,0.5364469430467085,-1.5612346570951814,-0.19470091491451463,1.0416172505520853,NA
LS05,2009,1.06,1.4,15.975,10.6,8,2.3333333333333335,22.666666666666668,75,FALSE,1,0,Laguna Salada,FALSE,29.08,55.78,22.22222222222222,lentic,perennial,1,TRUE,-1.7369513030580674,-0.42601037810243375,-0.49500758828103925,0.6738972730604219,-0.15042883565065024,-0.4324129099550951,0.3228941529069726,0.3729499340456522,-0.10807822828351184,-0.604395298831129,1.7326827440475752,NA
LS06,2009,0.748,1.25,13.12,12.5,0,0.5,7,92.5,FALSE,0.25,0.2,Laguna Salada,FALSE,29.08,55.78,5.333333333333333,lentic,seasonal,0,TRUE,-1.7369513030580674,-0.5716977601060315,-1.097643249789453,1.3336210245333704,-0.6539762276604794,-0.4324129099550951,-0.3483603840277019,0.12770442054406814,-1.3373409258412354,0.10325863702484162,1.7326827440475752,NA
LS07,2009,1.6,1.6,14,11.25,6,0,2.5,97.5,FALSE,0.25,0.2,Laguna Salada,FALSE,29.08,55.78,0,lentic,seasonal,1,TRUE,-1.7369513030580674,-0.611430682470649,-1.2707407270312314,1.5221135249542128,-0.8129911935583201,-0.4324129099550951,1.4846808514477552,0.6999439520477647,-0.9584438421807109,-0.3623031628804021,1.7326827440475752,NA
LS08,2009,0.8433333333333333,0.85,12.98,12.4,15,0.6666666666666666,11.666666666666666,87.66666666666667,FALSE,0.6,0,Laguna Salada,TRUE,29.08,55.78,0,lentic,perennial,0,TRUE,-1.7369513030580674,-0.5584534526511589,-0.9181347548720533,1.1514116074598895,-0.8129911935583201,-0.4324129099550951,-0.14325483107544043,-0.5262836154601565,-1.397620007332682,0.06601369303242226,1.7326827440475752,NA
LS05,2010,1.2616666666666667,1.43,17,14.04,4,0.8333333333333334,49.166666666666664,50,FALSE,0.5,0,Laguna Salada,FALSE,42.65,24.29,27.77777777777778,lentic,perennial,1,TRUE,-1.5217229098459126,-0.5452091451962864,0.524344222142767,-0.26856522904379027,0.015211753826267283,0.5885134417770292,0.7567712841521413,0.42199903674596906,0.3332507612074398,0.6768307745081016,-0.845712088911309,NA
LS06,2010,0.9366666666666666,1.1,18.03333333333333,14.166666666666666,9,0.16666666666666666,1.3383333333333334,98.495,FALSE,0.6666666666666666,0,Laguna Salada,FALSE,42.65,24.29,5.666666666666667,lentic,seasonal,1,TRUE,-1.5217229098459126,-0.5981863750157764,-1.315425520230313,1.5596235325379606,-0.6440377922918642,0.5885134417770292,0.057547808178522085,-0.11754109295751591,0.7781677912633576,0.7240077035651664,-0.845712088911309,NA
LS07,2010,1.36,1.62,16.683333333333334,14.166666666666666,17,0,4.666666666666667,95.33333333333333,FALSE,0.5,0,Laguna Salada,FALSE,42.65,24.29,0,lentic,seasonal,1,TRUE,-1.5217229098459126,-0.611430682470649,-1.187397497248153,1.4404334414385143,-0.8129911935583201,0.5885134417770292,0.9683312076518519,0.732643353847976,0.19690521973869068,0.7240077035651664,-0.845712088911309,NA
LS08,2010,1.4233333333333333,1.68,17.55,13.916666666666666,10,0,12.333333333333334,87.66666666666667,FALSE,0.6666666666666666,0,Laguna Salada,TRUE,42.65,24.29,0,lentic,perennial,1,TRUE,-1.5217229098459126,-0.611430682470649,-0.8924906841695674,1.1514116074598895,-0.8129911935583201,0.5885134417770292,1.1045901414313262,0.8307415592486094,0.5700614384952678,0.6308953435841176,-0.845712088911309,NA
LS09,2010,0.964,1.2,16.916666666666668,15.366666666666667,0,0,14,86,FALSE,0.8,0.2857142857142857,Laguna Salada,FALSE,42.65,24.29,100,lotic,perennial,0,TRUE,-1.5217229098459126,-0.611430682470649,-0.8283805074133533,1.0885807739862752,2.1685394170261945,0.5885134417770292,0.11635429538861106,0.04595591604354,0.2973703555577695,1.1709470314742008,-0.845712088911309,NA
MC01,2010,0.962,1.3,16.166666666666668,13.6,68,11.666666666666666,23.833333333333332,65.83333333333333,FALSE,0,0,Milagra Creek,FALSE,42.65,24.29,0,lentic,seasonal,0,TRUE,-1.5217229098459126,0.31567083937042717,-0.45013046455168937,0.32832768895554393,-0.8129911935583201,0.5885134417770292,0.11205138169031185,0.20945292504459626,-0.02555329528926821,0.512953020941456,-0.845712088911309,NA
RC07,2010,1.2,1.2,14.75,14.025,0,5,10,85,FALSE,0.75,0,Redwood Creek,FALSE,42.65,24.29,0,lentic,perennial,1,TRUE,-1.5217229098459126,-0.21410145882447346,-0.9822449316282674,1.0508822739021066,-0.8129911935583201,0.5885134417770292,0.624098111787916,0.04595591604354,-0.6355201913336732,0.6712440329092391,-0.845712088911309,NA
RC10,2010,2,2,13.9,15.366666666666667,0,0,3.75,96.25,FALSE,0.5,0,Redwood Creek,FALSE,42.65,24.29,0,lentic,seasonal,1,TRUE,-1.5217229098459126,-0.611430682470649,-1.2226580944640708,1.4749903998490022,-0.8129911935583201,0.5885134417770292,2.345263591107594,1.353931988051989,-1.0015003289603157,1.1709470314742008,-0.845712088911309,NA
RL02,2010,2.2,2.5,14.799999999999999,12.05,8,30,20,50,FALSE,0.5,0,Rodeo Lagoon,FALSE,42.65,24.29,3,lentic,perennial,1,TRUE,-1.5217229098459126,1.772544659406404,-0.5975838710909821,-0.26856522904379027,-0.7235452752407847,0.5885134417770292,2.7755549609375136,2.1714170330572697,-0.6139919479438711,-0.06434361094104586,-0.845712088911309,NA
WG01,2010,0.275,0.3,14.7,15.775,0,13.75,15,71.25,FALSE,0.5,0,Wilkins Gulch,TRUE,42.65,24.29,33.529411764705884,lentic,seasonal,0,TRUE,-1.5217229098459126,0.48122468255633366,-0.7899144013596248,0.53252789774479,0.18669848175531129,0.5885134417770292,-1.3659994736754613,-1.425517164965965,-0.6570484347234761,1.3230305527765802,-0.845712088911309,NA
LS05,2011,1.308,1.4,16.756666666666668,9.75,1,1.6666666666666667,51.666666666666664,43.333333333333336,FALSE,0.3333333333333333,0,Laguna Salada,FALSE,50.91,31.21,33.33333333333333,lentic,perennial,0,TRUE,-1.306494516633758,-0.4789876079219238,0.6205094872770883,-0.5198885629382467,0.1808523433031846,1.2099468732661482,0.8564554514960727,0.3729499340456522,0.22847997671040138,-0.9209773227666945,-0.279103888083253,18
LS06,2011,1.14,1.5,16.34,10.25,21,2,9,89,FALSE,0.4,0.16666666666666666,Laguna Salada,FALSE,50.91,31.21,6,lentic,seasonal,1,TRUE,-1.306494516633758,-0.4524989930121788,-1.0207110376819961,1.2016762742387808,-0.6340993569232493,1.2099468732661482,0.49501070083894005,0.5364469430467085,0.04907794846204659,-0.7347526028045971,-0.279103888083253,1
LS08,2011,1.2200000000000002,1.37,16.08,10.325,65,1,34,65,FALSE,0.4,0.16666666666666666,Laguna Salada,TRUE,50.91,31.21,0,lentic,perennial,0,TRUE,-1.306494516633758,-0.5319648377414139,-0.05905838633878249,0.296912272218737,-0.8129911935583201,1.2099468732661482,0.6671272487709085,0.32390083134533565,-0.06286891716492714,-0.7068188948102827,-0.279103888083253,4
LS09,2011,0.984,1.19,17.692,13.75,1,0,12,88,FALSE,1,0.16666666666666666,Laguna Salada,FALSE,50.91,31.21,100,lotic,perennial,1,TRUE,-1.306494516633758,-0.611430682470649,-0.9053127195208104,1.1639777741546122,2.1685394170261945,1.2099468732661482,0.15938343237160305,0.029606215143434367,0.6312016497223066,0.5688204369300853,-0.279103888083253,NA
MC01,2011,1.0683333333333334,1.75,11.9,9,51,16.666666666666668,40,53.333333333333336,FALSE,0,0,Milagra Creek,FALSE,50.91,31.21,0,lentic,seasonal,0,TRUE,-1.306494516633758,0.7130000630166028,0.17173824998358875,-0.14290356209656185,-0.8129911935583201,1.2099468732661482,0.34082295998321915,0.9451894655493488,-1.8626300645524163,-1.200314402709841,-0.279103888083253,53
RC10,2011,1.6533333333333333,1.82,7.566666666666666,7.15,0,10,15,75,FALSE,1,0,Redwood Creek,FALSE,50.91,31.21,0,lentic,seasonal,1,TRUE,-1.306494516633758,0.18322776482170205,-0.7899144013596248,0.6738972730604219,-0.8129911935583201,1.2099468732661482,1.5994252167357335,1.0596373718500882,-3.728411158335301,-1.8893458665696015,-0.279103888083253,NA
RL02,2011,2.1,2.1,13.25,8.266666666666666,25,25,15,60,FALSE,0.6,0,Rodeo Lagoon,FALSE,50.91,31.21,3.5,lentic,perennial,1,TRUE,-1.306494516633758,1.3752154357602284,-0.7899144013596248,0.10841977179789461,-0.7086376221878621,1.2099468732661482,2.5604092760225536,1.5174289970530455,-1.2813674930277485,-1.4734439919875841,-0.279103888083253,NA
LS01,2012,0.58,0.58,15.0875,12.261538461538462,55,5,65,50,FALSE,0.5,0.8823529411764706,Laguna Salada,TRUE,28.01,29.08,0,lentic,perennial,1,TRUE,-1.0912661234216032,-0.21410145882447346,1.1333909013268022,-0.26856522904379027,-0.8129911935583201,-0.5129133665765667,-0.7098051346848343,-0.967725539763008,-0.4902045484525061,0.014443770581380055,-0.4535078574132762,NA
LS05,2012,1.152,1.29,17.225,10.75,6,3.2,23.8,62,FALSE,0.8,0,Laguna Salada,FALSE,28.01,29.08,38.88888888888889,lentic,perennial,1,TRUE,-1.0912661234216032,-0.3571399793370966,-0.4514126680868136,0.18381677196623158,0.34649293278010235,-0.5129133665765667,0.5208281830287352,0.19310322414449063,0.4301278564615517,-0.5485278828424996,-0.4535078574132762,8
LS06,2012,1.0939999999999999,2.3,16.725,12.35,11,9.4,7,87,FALSE,0.4,0.16666666666666666,Laguna Salada,FALSE,28.01,29.08,6.333333333333333,lentic,seasonal,0,TRUE,-1.0912661234216032,0.135548257984161,-1.097643249789453,1.1262792740704437,-0.6241609215546342,-0.5129133665765667,0.3960436857780585,1.8444230150551573,0.21484542256352662,0.04739122103621224,-0.4535078574132762,0
LS07,2012,1.11,1.6,17.1,12.75,84,0,21.25,78.75,FALSE,0.4,0,Laguna Salada,FALSE,28.01,29.08,0,lentic,seasonal,0,TRUE,-1.0912661234216032,-0.611430682470649,-0.5495012385238214,0.8152666483760537,-0.8129911935583201,-0.5129133665765667,0.43046699536445254,0.6999439520477647,0.37630724798704546,0.19637099700589036,-0.4535078574132762,NA
LS08,2012,1.4649999999999999,1.68,15.925,12.5,22,0,25,75,FALSE,0.2,0,Laguna Salada,TRUE,28.01,29.08,0,lentic,perennial,0,TRUE,-1.0912661234216032,-0.611430682470649,-0.4052533408223394,0.6738972730604219,-0.8129911935583201,-0.5129133665765667,1.194234176812559,0.8307415592486094,-0.1296064716733139,0.10325863702484162,-0.4535078574132762,15
LS09,2012,1.044,1.7,16.85,14.25,0,0,19,81,FALSE,1,0.2,Laguna Salada,FALSE,28.01,29.08,100,lotic,perennial,1,TRUE,-1.0912661234216032,-0.611430682470649,-0.6360499771447106,0.9000882735654328,2.1685394170261945,-0.5129133665765667,0.288470843320579,0.8634409610488206,0.2686660310380329,0.7550451568921829,-0.4535078574132762,NA
MC01,2012,0.39499999999999996,0.7,17.8,12,43,10,32.5,67.5,FALSE,0,0.5,Milagra Creek,FALSE,28.01,29.08,0,lentic,seasonal,0,TRUE,-1.0912661234216032,0.18322776482170205,-0.1167575454193753,0.3911585224291582,-0.8129911935583201,-0.5129133665765667,-1.1078246517775097,-0.7715291289617406,0.6777026554442803,-0.08296608293725587,-0.4535078574132762,61
RC07,2012,0.7975,0.9,15.08,10.4,4,3,44,53,FALSE,1,0,Redwood Creek,FALSE,28.01,29.08,0,lentic,perennial,1,TRUE,-1.0912661234216032,-0.37303314828294365,0.3256026741985029,-0.1554697287912848,-0.8129911935583201,-0.5129133665765667,-0.24186326999479685,-0.4445351109596283,-0.4934337849609766,-0.6788851868159678,-0.4535078574132762,NA
RC10,2012,1.144,1.86,15.5,13.78,1,8,22,70,FALSE,1,0.2,Redwood Creek,FALSE,28.01,29.08,0,lentic,seasonal,1,TRUE,-1.0912661234216032,0.02429607536323184,-0.520651658983525,0.48540477263957943,-0.8129911935583201,-0.5129133665765667,0.5036165282355384,1.1250361754505107,-0.31259654048663554,0.5799939201278109,-0.4535078574132762,NA
RC11,2012,1.025,1.5,15.8,14.36,0,11,13,76,FALSE,1,0,Redwood Creek,FALSE,28.01,29.08,5.833333333333333,lentic,seasonal,1,TRUE,-1.0912661234216032,0.2626936095509371,-0.8668466134670818,0.7115957731445903,-0.6390685746075568,-0.5129133665765667,0.24759316318673635,0.5364469430467085,-0.18342708014782017,0.7960145952838441,-0.4535078574132762,NA
RC13,2012,0.73,0.82,15.75,14,0,0.3333333333333333,0.3333333333333333,65,FALSE,1,0,Redwood Creek,FALSE,28.01,29.08,0,lentic,perennial,1,TRUE,-1.0912661234216032,-0.5849420675609039,-1.35408395681431,0.296912272218737,-0.8129911935583201,-0.5129133665765667,-0.3870866073123947,-0.5753327181604733,-0.204955323537623,0.661932796911134,-0.4535078574132762,NA
RL02,2012,1.2966666666666666,1.5,17.7,12.25,9,22,22,56,FALSE,0.8333333333333334,0,Rodeo Lagoon,FALSE,28.01,29.08,4,lentic,perennial,1,TRUE,-1.0912661234216032,1.1368179015725233,-0.520651658983525,-0.042374228538779334,-0.6937299691349396,-0.5129133665765667,0.832072273872377,0.5364469430467085,0.6346461686646747,0.010146277043792874,-0.4535078574132762,2
RL04,2012,1.3225,2.59,15.75,14.125,0,3.3333333333333335,25,71.66666666666667,FALSE,0,0,Rodeo Lagoon,TRUE,28.01,29.08,0,lentic,perennial,0,TRUE,-1.0912661234216032,-0.3465445333731987,-0.4052533408223394,0.5482356061131938,-0.8129911935583201,-0.5129133665765667,0.8876515758087418,2.31856434115822,-0.204955323537623,0.7084889769016585,-0.4535078574132762,NA
TV02,2012,1.5,1.5,17.125,11.625,0,15,18.333333333333332,66.66666666666667,FALSE,1,0,Tennessee Valley,FALSE,28.01,29.08,2,lentic,perennial,1,TRUE,-1.0912661234216032,0.5805569884678775,-0.6616940478471963,0.35974310569235135,-0.7533605813466298,-0.5129133665765667,1.2695351665327952,0.5364469430467085,0.3870713696819461,-0.222634622908829,-0.4535078574132762,NA
WG01,2012,0.29333333333333333,0.34,19.333333333333332,15.666666666666666,0,21.666666666666668,25,53.333333333333336,FALSE,0,0,Wilkins Gulch,TRUE,28.01,29.08,32.94117647058823,lentic,seasonal,0,TRUE,-1.0912661234216032,1.1103292866627783,-0.4052533408223394,-0.14290356209656185,0.16916006639893164,-0.5129133665765667,-1.3265560981077187,-1.3601183613655425,1.3379021193982232,1.2826818634514587,-0.4535078574132762,NA
KC01,2013,0.725,0.85,17.383333333333333,12.333333333333334,31,5,55,40,FALSE,1,0.2857142857142857,Kanoff Creek,FALSE,26.13,42.65,0,lentic,seasonal,1,TRUE,-0.8760377302094485,-0.21410145882447346,0.7487298407895169,-0.6455502298854751,-0.8129911935583201,-0.6543534212012091,-0.39784389155814265,-0.5262836154601565,0.49830062719592555,0.04118373037080934,0.6576009988348044,NA
KC02,2013,0.54,0.65,17.1,14,1,0,30,70,FALSE,1,0.25,Kanoff Creek,FALSE,26.13,42.65,20,both,seasonal,1,TRUE,-0.8760377302094485,-0.611430682470649,-0.21292281055369666,0.48540477263957943,-0.2166850714414172,-0.6543534212012091,-0.7958634086508181,-0.8532776334622686,0.37630724798704546,0.661932796911134,0.6576009988348044,NA
KC03,2013,0.2,0.25,17.6,18,0,0,40,60,FALSE,0,0.6666666666666666,Kanoff Creek,FALSE,26.13,42.65,0,lentic,seasonal,0,TRUE,-0.8760377302094485,-0.611430682470649,0.17173824998358875,0.10841977179789461,-0.8129911935583201,-0.6543534212012091,-1.5273587373616813,-1.5072656694664932,0.5915896818850706,2.151730556607914,0.6576009988348044,NA
LS05,2013,1.24,1.35,17.86,12.25,10,0.3333333333333333,46.333333333333336,53.333333333333336,FALSE,1,0,Laguna Salada,FALSE,26.13,42.65,44.44444444444444,lentic,perennial,1,TRUE,-0.8760377302094485,-0.5849420675609039,0.41535692165720295,-0.14290356209656185,0.5121335222570196,-0.6543534212012091,0.7101563857538999,0.2912014295451244,0.7035365475120428,0.010146277043792874,0.6576009988348044,4
LS06,2013,0.9724999999999999,1.25,16.85,13.25,9,0,12.5,87.5,FALSE,0.8333333333333334,0,Laguna Salada,FALSE,26.13,42.65,6.666666666666666,lentic,seasonal,1,TRUE,-0.8760377302094485,-0.611430682470649,-0.8860796664939461,1.145128524112528,-0.6142224861860192,-0.6543534212012091,0.13464167860638251,0.12770442054406814,0.2686660310380329,0.38259571696798783,0.6576009988348044,9
LS07,2013,1.3800000000000001,1.52,16.642857142857142,14.2,58,1.6666666666666667,53.333333333333336,45,FALSE,1,0,Laguna Salada,FALSE,26.13,42.65,0,lentic,seasonal,1,TRUE,-0.8760377302094485,-0.4789876079219238,0.6846196640333028,-0.4570577294646327,-0.8129911935583201,-0.6543534212012091,1.0113603446348438,0.5691463448469197,0.17947759413742165,0.7364226848959728,0.6576009988348044,6
LS08,2013,1.0425,1.35,17.233333333333334,13.5,35,1,39,60,FALSE,0.8333333333333334,0,Laguna Salada,TRUE,26.13,42.65,0,lentic,perennial,1,TRUE,-0.8760377302094485,-0.5319648377414139,0.1332721439298602,0.10841977179789461,-0.8129911935583201,-0.6543534212012091,0.2852436580468545,0.2912014295451244,0.43371589702651864,0.4757080769490366,0.6576009988348044,10
LS09,2013,0.845,0.85,18.25,15,0,6.666666666666667,5,86.66666666666667,FALSE,1,0.3333333333333333,Laguna Salada,FALSE,26.13,42.65,100,lotic,perennial,1,TRUE,-0.8760377302094485,-0.08165838427574827,-1.1745754618969102,1.113713107375721,2.1685394170261945,-0.6543534212012091,-0.13966906966019102,-0.5262836154601565,0.8714568459525026,1.034382236835329,0.6576009988348044,0
MC01,2013,0.8183333333333334,1.12,15.700000000000001,12.25,35,15,56.666666666666664,28.333333333333332,FALSE,0.6666666666666666,0,Milagra Creek,FALSE,26.13,42.65,0,lentic,seasonal,1,TRUE,-0.8760377302094485,0.5805569884678775,0.812840017545731,-1.085366064200774,-0.8129911935583201,-0.6543534212012091,-0.19704125230418015,-0.08484169115730467,-0.22648356692742505,0.010146277043792874,0.6576009988348044,68
TV02,2013,1.5,1.5,15.75,11.75,0,15,5,80,FALSE,1,0,Tennessee Valley,FALSE,26.13,42.65,2,lentic,perennial,1,TRUE,-0.8760377302094485,0.5805569884678775,-1.1745754618969102,0.8623897734812643,-0.7533605813466298,-0.6543534212012091,1.2695351665327952,0.5364469430467085,-0.204955323537623,-0.17607844291830463,0.6576009988348044,NA
LS05,2014,1.1433333333333333,1.3,21.6,17.5,2,0,76.25,23.75,FALSE,0.25,0,Laguna Salada,FALSE,22.93,50.91,50,lentic,perennial,0,TRUE,-0.6608093369972938,-0.611430682470649,1.5661345944312484,-1.2581508562532129,0.6777741117339371,-0.8951024503495361,0.5021822236694389,0.20945292504459626,2.3138491530692717,1.9655058366458165,1.3339281287249403,1
LS06,2014,0.23,0.38,15.3,23,0,1.25,10,90,FALSE,0.75,0,Laguna Salada,FALSE,22.93,50.91,7,lentic,seasonal,0,TRUE,-0.6608093369972938,-0.5120983765591051,-0.9822449316282674,1.239374774322949,-0.6042840508174041,-0.8951024503495361,-1.4628150318871933,-1.2947195577651203,-0.3987095140458453,4.013977756228889,1.3339281287249403,21
LS07,2014,0.3833333333333333,0.99,15.2,22,8,2.5,20,80,FALSE,0.5,0,Laguna Salada,FALSE,22.93,50.91,0,lentic,seasonal,1,TRUE,-0.6608093369972938,-0.4127660706475612,-0.5975838710909821,0.8623897734812643,-0.8129911935583201,-0.8951024503495361,-1.132924981684255,-0.29738780285867783,-0.4417660008254509,3.641528316304694,1.3339281287249403,17
LS09,2014,0.5775,0.66,20.8,14,0,2.5,10,90,FALSE,0.75,0,Laguna Salada,FALSE,22.93,50.91,100,lotic,perennial,1,TRUE,-0.6608093369972938,-0.4127660706475612,-0.9822449316282674,1.239374774322949,2.1685394170261945,-0.8951024503495361,-0.7151837768077082,-0.836927932562163,1.969397258832431,0.661932796911134,1.3339281287249403,1
MC01,2014,0.1625,0.5,19.7,25.5,39,27.5,46.666666666666664,65,FALSE,0.3333333333333333,0.25,Milagra Creek,FALSE,22.93,50.91,0,lentic,seasonal,0,TRUE,-0.6608093369972938,1.5738800475833163,0.4281789570084456,0.296912272218737,-0.8129911935583201,-0.8951024503495361,-1.608038369204791,-1.0985231469638528,1.495775904256775,4.945101356039377,1.3339281287249403,51
RC07,2014,0.726,1.28,15.7,11.75,49,5,47.5,51.666666666666664,FALSE,0.7142857142857143,0,Redwood Creek,FALSE,22.93,50.91,3.5,lentic,perennial,1,TRUE,-0.6608093369972938,-0.21410145882447346,0.4602340453865528,-0.2057343955701762,-0.7086376221878621,-0.8951024503495361,-0.39569243470899307,0.176753523244385,-0.2264835669274258,-0.17607844291830463,1.3339281287249403,NA
RC10,2014,0.5,0.5,15.6,11.98,0,0,32.857142857142854,78.57142857142857,FALSE,0.7142857142857143,0,Redwood Creek,FALSE,22.93,50.91,5,lentic,seasonal,1,TRUE,-0.6608093369972938,-0.611430682470649,-0.10301965040018665,0.8085347733610235,-0.6639146630290944,-0.8951024503495361,-0.881921682616802,-1.0985231469638528,-0.26954005370703066,-0.09041507173573961,1.3339281287249403,0
RC11,2014,0.75,1,15.666666666666666,12.02,0,4.285714285714286,23.571428571428573,82.14285714285714,FALSE,0.2857142857142857,0,Redwood Creek,FALSE,22.93,50.91,17.5,lentic,seasonal,0,TRUE,-0.6608093369972938,-0.27086277648821283,-0.46020492089909437,0.9431722736616251,-0.29122333670603007,-0.8951024503495361,-0.3440574703294027,-0.2810381019585722,-0.2408357291872941,-0.07551709413877213,1.3339281287249403,NA
RC13,2014,0.825,1,16.55,12.125,1,13.333333333333334,38.333333333333336,60,FALSE,0.6,0.16666666666666666,Redwood Creek,FALSE,22.93,50.91,4.545454545454546,lentic,perennial,0,TRUE,-0.6608093369972938,0.44811391391915245,0.10762807322737461,0.10841977179789461,-0.6774670748953876,-0.8951024503495361,-0.182698206643183,-0.2810381019585722,0.1394965706992175,-0.0364099029467315,1.3339281287249403,NA
WG01,2014,0.275,0.3,18,18,0,0,32.5,67.5,FALSE,1,0,Wilkins Gulch,TRUE,22.93,50.91,32.35294117647059,lentic,seasonal,1,TRUE,-0.6608093369972938,-0.611430682470649,-0.1167575454193753,0.3911585224291582,0.1516216510425522,-0.8951024503495361,-1.3659994736754613,-1.425517164965965,0.7638156290034901,2.151730556607914,1.3339281287249403,NA
KC01,2015,0.55625,0.8,22.95,13.219999999999999,57,2.375,57.5,26.375,FALSE,0.375,0,Kanoff Creek,FALSE,27.67,28.01,0,lentic,seasonal,0,TRUE,-0.4455809437851392,-0.42269930123871563,0.8448951059238382,-1.1591922935322707,-0.8129911935583201,-0.5384929509235765,-0.7609022348521371,-0.6080321199606844,2.8951117245939386,0.37142223377026157,-0.541119241067325,NA
KC02,2015,0.646,0.75,19.36,17.475,0,0,9.285714285714286,90.71428571428571,FALSE,0.42857142857142855,0,Kanoff Creek,FALSE,27.67,28.01,26,both,seasonal,0,TRUE,-0.4455809437851392,-0.611430682470649,-1.009720721666645,1.2663022743830692,-0.03779323480634633,-0.5384929509235765,-0.5678089826409608,-0.6897806244612125,1.349383849206118,1.9561946006477122,-0.541119241067325,NA
LS09,2016,0.7475,0.92,22.925,16.25,0,0,0,100,FALSE,1,0.42857142857142855,Laguna Salada,FALSE,29.78,26.13,100,lotic,perennial,1,TRUE,-0.23035255057298448,-0.611430682470649,-1.3669059921655529,1.616359775164634,2.1685394170261945,-0.3797490598288984,-0.34943611245227657,-0.41183570915941703,2.884347602899038,1.4999440367405728,-0.6950532609454676,0
RC13,2016,0.80375,1.5,17.7,11.566666666666666,0,0,95,5,FALSE,0.5714285714285714,0.125,Redwood Creek,FALSE,29.78,26.13,9.090909090909092,lentic,perennial,1,TRUE,-0.23035255057298448,-0.611430682470649,2.2873740829386584,-1.9649977328313721,-0.541942956232455,-0.3797490598288984,-0.22841666468761193,0.5364469430467085,0.6346461686646747,-0.24436084023774046,-0.6950532609454676,NA
RC14,2016,1.3599999999999999,2,17.333333333333332,11.32857142857143,0,1,36,65,FALSE,1,0,Redwood Creek,TRUE,29.78,26.13,80,lentic,perennial,1,TRUE,-0.23035255057298448,-0.5319648377414139,0.01787382576867459,0.296912272218737,1.5722332949092914,-0.3797490598288984,0.9683312076518513,1.353931988051989,0.47677238380612275,-0.3330392783149294,-0.6950532609454676,NA
RC20,2016,0.675,0.75,14.033333333333333,10.45,0,0,20,80,FALSE,1,0,Redwood Creek,TRUE,29.78,26.13,0,both,perennial,1,TRUE,-0.23035255057298448,-0.611430682470649,-0.5975838710909821,0.8623897734812643,-0.8129911935583201,-0.3797490598288984,-0.5054167340156224,-0.6897806244612125,-0.9440916799208426,-0.6602627148197584,-0.6950532609454676,NA
WG01,2016,0.36666666666666664,0.7,21,18,0,15,30,55,FALSE,0.6666666666666666,0.25,Wilkins Gulch,TRUE,29.78,26.13,31.764705882352946,lentic,seasonal,0,TRUE,-0.23035255057298448,0.5805569884678775,-0.21292281055369666,-0.08007272862294781,0.13408323568617286,-0.3797490598288984,-1.1687825958367482,-0.7715291289617406,2.055510232391641,2.151730556607914,-0.6950532609454676,0
KC01,2017,0.736,0.81,14.4,11.01,34,4.6,84.3,11.1,FALSE,0.4,0,Kanoff Creek,FALSE,56.51,22.93,0,lentic,seasonal,1,TRUE,-0.015124157360829777,-0.24588779671616753,1.875786748163763,-1.7350368823179443,-0.8129911935583201,1.6312576742757208,-0.3741778662174971,-0.5916824190605787,-0.7862178950622907,-0.451691028462209,-0.9570686139295396,NA
KC02,2017,0.6509090909090909,0.77,15.91,12.690909090909091,2,3.2,20.7,76.1,FALSE,0.09090909090909091,0,Kanoff Creek,FALSE,56.51,22.93,32,both,seasonal,0,TRUE,-0.015124157360829777,-0.3571399793370966,-0.5706575968533721,0.715365623153007,0.14109860182872455,1.6312576742757208,-0.5572472853814993,-0.6570812226610012,-0.1360649446902549,0.17436262101036992,-0.9570686139295396,NA
KC03,2017,0.23333333333333334,0.33,16.2,13.988888888888889,6,4.444444444444445,84.33333333333333,11.222222222222221,FALSE,0.1111111111111111,0,Kanoff Creek,FALSE,56.51,22.93,0,lentic,seasonal,0,TRUE,-0.015124157360829777,-0.25824915034071516,1.8770689516988872,-1.7304292878632126,-0.8129911935583201,1.6312576742757208,-1.4556435090566946,-1.3764680622656482,-0.011201133029400687,0.6577944698008653,-0.9570686139295396,NA
LS09,2017,0.9525,0.98,18.266666666666666,14.25,0,0,0,100,FALSE,1,0.2,Laguna Salada,FALSE,56.51,22.93,100,lotic,perennial,1,TRUE,-0.015124157360829777,-0.611430682470649,-1.3669059921655529,1.616359775164634,2.1685394170261945,1.6312576742757208,0.09161254162339078,-0.31373750375878345,0.8786329270824363,0.7550451568921829,-0.9570686139295396,0
MC01,2017,1.164,1.3,14.96,12.6,15,4,26,70,FALSE,0.2,0.375,Milagra Creek,FALSE,56.51,22.93,0,lentic,seasonal,0,TRUE,-0.015124157360829777,-0.2935673035537086,-0.3667872347686108,0.48540477263957943,-0.8129911935583201,1.6312576742757208,0.5466456652185304,0.20945292504459626,-0.5451015690965023,0.140503581017261,-0.9570686139295396,43
RC07,2017,1.04375,1.52,17.5625,9.625,93,1.375,39,57.5,FALSE,0.375,0,Redwood Creek,FALSE,56.51,22.93,0,lentic,perennial,1,TRUE,-0.015124157360829777,-0.5021651459679507,0.1332721439298602,0.014173521587473396,-0.8129911935583201,1.6312576742757208,0.2879329791082914,0.5691463448469197,0.5754434993427181,-0.9675335027572189,-0.9570686139295396,0
RC10,2017,1.26,1.48,15,10.728571428571428,4,4.857142857142857,36.142857142857146,59,FALSE,0.7142857142857143,0,Redwood Creek,FALSE,56.51,22.93,25,lentic,seasonal,1,TRUE,-0.015124157360829777,-0.22545372235722136,0.023368983776350213,0.07072127171372612,-0.06760854091219147,1.6312576742757208,0.7531855227368919,0.5037475412464972,-0.5278789743846607,-0.5565089422694469,-0.9570686139295396,0
RC11,2017,1.1171428571428572,1.92,15.2875,11.5875,15,1.375,9.75,89,FALSE,0.5,0,Redwood Creek,FALSE,56.51,22.93,35,lentic,seasonal,1,TRUE,-0.015124157360829777,-0.5021651459679507,-0.9918614581416996,1.2016762742387808,0.23054452014625998,1.6312576742757208,0.4458345442869496,1.2231343808511441,-0.4040915748932964,-0.23660147690598618,-0.9570686139295396,NA
RC13,2017,0.8075,0.93,15.375,10.5625,5,1.375,90.125,8.75,FALSE,0.5,0,Redwood Creek,FALSE,56.51,22.93,11.363636363636363,lentic,perennial,0,TRUE,-0.015124157360829777,-0.5021651459679507,2.0998518159267316,-1.8236283575157402,-0.4741808969009889,1.6312576742757208,-0.22034870150330085,-0.3954860082593114,-0.36641714896114186,-0.6183621528282861,-0.9570686139295396,0
RC14,2017,1.3,1.7,15.457142857142857,10.625,0,8.125,28.625,63.25,FALSE,0.5,0,Redwood Creek,TRUE,56.51,22.93,82.85714285714286,lentic,perennial,0,TRUE,-0.015124157360829777,0.03422930595438623,-0.2658137063775734,0.2309398970714422,1.6574198837831349,1.6312576742757208,0.8392437967028759,0.8634409610488206,-0.33104932053503766,-0.595084062833024,-0.9570686139295396,NA
RC15,2017,0.525,0.7,16.114285714285714,10.3125,8,0.625,93.625,6.25,FALSE,0.375,0,Redwood Creek,FALSE,56.51,22.93,11.363636363636363,lentic,seasonal,0,TRUE,-0.015124157360829777,-0.5617645295148771,2.234483187114782,-1.9178746077261615,-0.4741808969009889,1.6312576742757208,-0.828135261388062,-0.7715291289617406,-0.048106693126204865,-0.7114745128093349,-0.9570686139295396,NA
RC20,2017,0.46714285714285714,0.96,15.757142857142858,11.514285714285714,8,0.14285714285714285,56.42857142857143,43.42857142857143,FALSE,0.8571428571428571,0,Redwood Creek,TRUE,56.51,22.93,0,both,perennial,0,TRUE,-0.015124157360829777,-0.600078418937901,0.803681420866272,-0.5162982295968973,-0.8129911935583201,1.6312576742757208,-0.9526124076602888,-0.3464369055589947,-0.20187986019622225,-0.26387009661472205,-0.9570686139295396,NA
RC24,2017,0.18,0.18,16.65,11,3,8,67,25,FALSE,0,0.5,Redwood Creek,FALSE,56.51,22.93,0,lentic,seasonal,0,TRUE,-0.015124157360829777,0.02429607536323184,1.2103231134342594,-1.2110277311480024,-0.8129911935583201,1.6312576742757208,-1.5703878743446733,-1.6217135757672325,0.1825530574788216,-0.45541552286145087,-0.9570686139295396,NA
RC25,2017,0.26,0.27,13.65,13.5,23,2.5,65,32.5,FALSE,0,0.3333333333333333,Redwood Creek,FALSE,56.51,22.93,10.714285714285715,lentic,seasonal,0,TRUE,-0.015124157360829777,-0.4127660706475612,1.1333909013268022,-0.9282889805167387,-0.4935414852814078,1.6312576742757208,-1.3982713264127054,-1.4745662676662818,-1.1091415459093283,0.4757080769490366,-0.9570686139295396,NA
RL02,2017,0.725,1.3,16.05,12.975,38,17.5,12.5,70,FALSE,0,0.5,Rodeo Lagoon,FALSE,56.51,22.93,4,lentic,perennial,0,TRUE,-0.015124157360829777,0.7792216002909652,-0.8860796664939461,0.48540477263957943,-0.6937299691349396,1.6312576742757208,-0.39784389155814265,0.20945292504459626,-0.07578586319880762,0.2801721209888341,-0.9570686139295396,8
TV02,2017,1.382,1.43,15.34,12.02,7,16.666666666666668,11.666666666666666,71.66666666666667,FALSE,0.5,0.2,Tennessee Valley,FALSE,56.51,22.93,3,lentic,perennial,1,TRUE,-0.015124157360829777,0.7130000630166028,-0.9181347548720533,0.5482356061131938,-0.7235452752407847,1.6312576742757208,1.0156632583331426,0.42199903674596906,-0.38148691933400364,-0.07551709413877213,-0.9570686139295396,NA
WG01,2017,0.365,0.43,14.05,13.3,10,0,21.666666666666668,78.33333333333333,FALSE,1,0.3333333333333333,Wilkins Gulch,TRUE,56.51,22.93,31.470588235294116,lentic,seasonal,1,TRUE,-0.015124157360829777,-0.611430682470649,-0.5334736943347678,0.7995589400076499,0.12531402800798294,1.6312576742757208,-1.1723683572519976,-1.2129710532645923,-0.9369155987909081,0.40121818896419786,-0.9570686139295396,0
KC01,2018,0.7327272727272728,0.85,17.61111111111111,12.6875,88,10.909090909090908,65.9090909090909,23.181818181818183,FALSE,0.36363636363636365,0,Kanoff Creek,FALSE,24.45,27.67,0,lentic,seasonal,1,TRUE,0.20010423585132492,0.25546944184827935,1.1683600886483736,-1.279570458573763,-0.8129911935583201,-0.7807466615040808,-0.3812189977238047,-0.5262836154601565,0.5963737359716926,0.17309290701062818,-0.5689583723218826,31
KC02,2018,0.5566666666666666,0.81,17.455555555555556,15.0625,0,4.111111111111111,13.777777777777779,82.11111111111111,FALSE,0.1111111111111111,0.1,Kanoff Creek,FALSE,24.45,27.67,35,both,seasonal,0,TRUE,0.20010423585132492,-0.28473776525046024,-0.8369285309808485,0.9419754958811757,0.23054452014625998,-0.7807466615040808,-0.7600057944983248,-0.5916824190605787,0.5293969787589738,1.0576603268305913,-0.5689583723218826,1
LS05,2018,1.21,1.27,17.55,12.4,0,16.666666666666668,26.666666666666668,56.666666666666664,FALSE,0.5,0.3333333333333333,Laguna Salada,FALSE,24.45,27.67,72.22222222222221,lentic,perennial,0,TRUE,0.20010423585132492,0.7130000630166028,-0.3411431640661251,-0.017241895149333764,1.3403364696416067,-0.7807466615040808,0.645612680279412,0.16040382234427938,0.5700614384952678,0.06601369303242226,-0.5689583723218826,6
LS06,2018,1.25,1.35,17,13.066666666666666,0,3.3333333333333335,7.666666666666667,89,FALSE,1,0,Laguna Salada,FALSE,24.45,27.67,8.333333333333332,lentic,seasonal,1,TRUE,0.20010423585132492,-0.3465445333731987,-1.0719991790869674,1.2016762742387808,-0.5645303093429439,-0.7807466615040808,0.731670954245396,0.2912014295451244,0.3332507612074398,0.314313319648552,-0.5689583723218826,11
LS07,2018,1.37,1.46,17.96666666666667,12.966666666666667,3,5,6.666666666666667,88.33333333333333,FALSE,0.6666666666666666,0,Laguna Salada,FALSE,24.45,27.67,0,lentic,seasonal,1,TRUE,0.20010423585132492,-0.21410145882447346,-1.110465285140696,1.1765439408493348,-0.8129911935583201,-0.7807466615040808,0.9898457761433478,0.47104813944628593,0.7494634667436225,0.2770683756561327,-0.5689583723218826,84
LS08,2018,1.505,1.71,16.35,13,5,17.5,32.5,50,FALSE,1,0,Laguna Salada,TRUE,24.45,27.67,0,lentic,perennial,1,TRUE,0.20010423585132492,0.7792216002909652,-0.1167575454193753,-0.26856522904379027,-0.8129911935583201,-0.7807466615040808,1.280292450778543,0.8797906619489263,0.05338359714000777,0.2894833569869391,-0.5689583723218826,65
LS09,2018,0.815,0.9,18.433333333333334,16,0,8.333333333333334,2.6666666666666665,89,FALSE,1,0.3333333333333333,Laguna Salada,FALSE,24.45,27.67,100,lotic,perennial,1,TRUE,0.20010423585132492,0.05078469027297692,-1.2643297093556103,1.2016762742387808,2.1685394170261945,-0.7807466615040808,-0.20421277513467898,-0.4445351109596283,0.9503937383817787,1.4068316767595241,-0.5689583723218826,0
MC01,2018,0.385,0.4,21.95,15.5,54,15,42.5,42.5,FALSE,0,0,Milagra Creek,FALSE,24.45,27.67,0,lentic,seasonal,0,TRUE,0.20010423585132492,0.5805569884678775,0.2679035151179101,-0.5513039796750538,-0.8129911935583201,-0.7807466615040808,-1.1293392202690056,-1.262020155964909,2.464546856797888,1.2206069567974265,-0.5689583723218826,35
OV01,2018,1.025,1.55,16.75,13.600000000000001,0,3,62.5,34.5,FALSE,0.3333333333333333,0,Oakwood Valley,FALSE,24.45,27.67,48.18181818181818,lentic,seasonal,0,TRUE,0.20010423585132492,-0.37303314828294365,1.037225636192481,-0.8528919803484017,0.6235644642687641,-0.7807466615040808,0.24759316318673635,0.6181954475472365,0.22560954425842725,0.5129530209414567,-0.5689583723218826,NA
RC07,2018,0.75,1.2,18.916666666666668,8,100,2.8333333333333335,72.16666666666667,25,FALSE,0.6,0.375,Redwood Creek,FALSE,24.45,27.67,45,lentic,perennial,0,TRUE,0.20010423585132492,-0.3862774557378162,1.4090646613785236,-1.2110277311480024,0.5286975812047114,-0.7807466615040808,-0.3440574703294027,0.04595591604354,1.15850009114987,-1.5727638426340358,-0.5689583723218826,4
RC10,2018,1.25,1.6,17.771428571428572,10.757142857142858,0,5.571428571428571,38.42857142857143,56,FALSE,0.5,0.25,Redwood Creek,FALSE,24.45,27.67,22.5,lentic,seasonal,0,TRUE,0.20010423585132492,-0.168692404693482,0.11129151189915827,-0.042374228538779334,-0.14214680617680434,-0.7807466615040808,0.731670954245396,0.6999439520477647,0.6654008020786789,-0.5458675297001836,-0.5689583723218826,1
RC11,2018,0.7325,1.25,16.85,11.475,3,12.75,32,55.25,FALSE,0.6666666666666666,0.5,Redwood Creek,FALSE,24.45,27.67,40.833333333333336,lentic,seasonal,0,TRUE,0.20010423585132492,0.4017588378270986,-0.13599059844623956,-0.0706481036019057,0.40446713909702336,-0.7807466615040808,-0.38170796518952055,0.12770442054406814,0.2686660310380329,-0.2785020388974584,-0.5689583723218826,0
RC13,2018,0.6625,1,18.68,10.975,2,0.8,71.6,27.6,FALSE,0.6666666666666666,0.25,Redwood Creek,FALSE,24.45,27.67,13.636363636363637,lentic,perennial,0,TRUE,0.20010423585132492,-0.5478580066872609,1.3872672012814105,-1.1130116309291642,-0.40641883756952263,-0.7807466615040808,-0.5323099446299925,-0.2810381019585722,1.056599739104804,-0.4647267588595559,-0.5689583723218826,1
RC14,2018,1.0966666666666667,1.25,19.3375,12.6125,1,7,10.428571428571429,82.57142857142857,FALSE,0.7142857142857143,0.2222222222222222,Redwood Creek,TRUE,24.45,27.67,85.71428571428571,lentic,perennial,1,TRUE,0.20010423585132492,-0.05516976936600326,-0.9657594576052408,0.9593287736976974,1.7426064726569779,-0.7807466615040808,0.4017809040424577,0.12770442054406814,1.3396961396807066,0.14515919901631383,-0.5689583723218826,NA
RC15,2018,0.54,0.6,21.96666666666667,11.8,4,8,78.25,13.75,FALSE,0.5,0.2,Redwood Creek,FALSE,24.45,27.67,13.636363636363637,lentic,seasonal,0,TRUE,0.20010423585132492,0.02429607536323184,1.6430668065387055,-1.6351358570948977,-0.40641883756952263,-0.7807466615040808,-0.7958634086508181,-0.9350261379627968,2.4717229379278236,-0.1574559709220946,-0.5689583723218826,NA
RC17,2018,0.2,0.2,20.6,16.4,0,49,1,50,FALSE,0,0.5,Redwood Creek,FALSE,24.45,27.67,72.38095238095238,both,seasonal,0,TRUE,0.20010423585132492,3.282395709261871,-1.3284398861118243,-0.26856522904379027,1.345069057912376,-0.7807466615040808,-1.5273587373616813,-1.5890141739670214,1.8832842852732212,1.5558114527292015,-0.5689583723218826,NA
RC20,2018,0.43833333333333335,1,19.833333333333332,12.16,6,0.8,23.8,75.4,FALSE,0.5714285714285714,0.125,Redwood Creek,TRUE,24.45,27.67,0,both,perennial,0,TRUE,0.20010423585132492,-0.5478580066872609,-0.4514126680868136,0.6889766730940895,-0.8129911935583201,-0.7807466615040808,-1.014594854981027,-0.2810381019585722,1.5531845532962483,-0.02337417254938462,-0.5689583723218826,NA
TV02,2018,1.2971428571428572,2,15.65,12.52,47,18.75,22.5,58.75,FALSE,0.6,0.2857142857142857,Tennessee Valley,FALSE,24.45,27.67,3,lentic,perennial,1,TRUE,0.20010423585132492,0.8785539062025092,-0.5014186059566608,0.061296646692684004,-0.7235452752407847,-0.7807466615040808,0.833096777133877,1.353931988051989,-0.24801181031722785,0.11070762582332536,-0.5689583723218826,0
TV06,2018,1.3,1.3,14.333333333333332,10.966666666666667,0,2.5,22.5,75,FALSE,0.3333333333333333,0,Tennessee Valley,TRUE,24.45,27.67,28.125,lentic,perennial,1,TRUE,0.20010423585132492,-0.4127660706475612,-0.5014186059566608,0.6738972730604219,0.025564290668574602,-0.7807466615040808,0.8392437967028759,0.20945292504459626,-0.814922219582028,-0.4678305041922573,-0.5689583723218826,NA
WG01,2018,0.295,0.3,16.5,14.666666666666666,22,0,20,80,FALSE,0.6666666666666666,0,Wilkins Gulch,TRUE,24.45,27.67,31.176470588235293,lentic,seasonal,0,TRUE,0.20010423585132492,-0.611430682470649,-0.5975838710909821,0.8623897734812643,0.11654482032979323,-0.7807466615040808,-1.3229703366924697,-1.425517164965965,0.1179683273094147,0.9102324235272639,-0.5689583723218826,0
KC02,2019,0.41,0.6,16.433333333333334,8.8,1,1.6666666666666667,38.333333333333336,60,FALSE,0,0.5,Kanoff Creek,FALSE,48.7,29.78,38,both,seasonal,0,TRUE,0.4153326290634796,-0.4789876079219238,0.10762807322737461,0.10841977179789461,0.31999043846379543,1.0436795750105854,-1.0755527990402658,-0.9350261379627968,0.08926400278967811,-1.2748042906946795,-0.39619199894801016,0
KC03,2019,0.274,0.52,16.8,12.1,0,2,58,40,FALSE,0,0.3333333333333333,Kanoff Creek,FALSE,48.7,29.78,0,lentic,seasonal,0,TRUE,0.4153326290634796,-0.4524989930121788,0.8641281589507025,-0.6455502298854751,-0.8129911935583201,1.0436795750105854,-1.368150930524611,-1.0658237451636416,0.24713778764823008,-0.0457211389448365,-0.39619199894801016,NA
MC01,2019,0.758,1.04,15.233333333333333,11.5,24,0,27.5,72.5,FALSE,0.3333333333333333,0.5,Milagra Creek,FALSE,48.7,29.78,0,lentic,seasonal,0,TRUE,0.4153326290634796,-0.611430682470649,-0.309088075688018,0.5796510228500007,-0.8129911935583201,1.0436795750105854,-0.3268458155362059,-0.21563929835814968,-0.4274138385655826,-0.2691908028993534,-0.39619199894801016,39
OV01,2019,1,1,12.15,9.25,0,5,35,60,FALSE,0.5,0,Oakwood Valley,FALSE,48.7,29.78,54.54545454545455,lentic,seasonal,1,TRUE,0.4153326290634796,-0.21410145882447346,-0.020592280285053954,0.10841977179789461,0.8132982303968697,1.0436795750105854,0.19380674195799663,-0.2810381019585722,-1.7549888476034037,-1.107202042728792,-0.39619199894801016,NA
RL02,2019,0.93,0.93,13.225,11.275,161,57.5,15,27.5,FALSE,1,0.16666666666666666,Rodeo Lagoon,FALSE,48.7,29.78,7,lentic,perennial,1,TRUE,0.4153326290634796,3.9578553894603696,-0.7899144013596248,-1.1167814809375811,-0.6042840508174041,1.0436795750105854,0.04320476251752492,-0.3954860082593114,-1.29213161472265,-0.3529919268822971,-0.39619199894801016,25
TV02,2019,1.248,1.46,12.28,10.725,109,26.666666666666668,26.666666666666668,46.666666666666664,FALSE,1,0,Tennessee Valley,FALSE,48.7,29.78,3,lentic,perennial,1,TRUE,0.4153326290634796,1.5076585103089537,-0.3411431640661251,-0.3942268959910186,-0.7235452752407847,1.0436795750105854,0.7273680405470967,0.47104813944628593,-1.6990154147899177,-0.5578391188406046,-0.39619199894801016,0
WG01,2019,0.43333333333333335,0.5,13,14,49,0,20,80,FALSE,0.3333333333333333,0.4,Wilkins Gulch,TRUE,48.7,29.78,30.88235294117647,lentic,seasonal,0,TRUE,0.4153326290634796,-0.611430682470649,-0.5975838710909821,0.8623897734812643,0.1077756126516035,1.0436795750105854,-1.025352139226775,-1.0985231469638528,-1.3890087099767612,0.661932796911134,-0.39619199894801016,0
KC01,2020,0.47000000000000003,0.55,16.133333333333333,10.075,43,1.2,90,8.8,FALSE,0.6666666666666666,0.25,Kanoff Creek,FALSE,22.94,56.51,0,lentic,seasonal,0,TRUE,0.6305610222756343,-0.5160716687955669,2.095043552670016,-1.8217434325115318,-0.8129911935583201,-0.8943501096334474,-0.9464653880912899,-1.0167746424633246,-0.03990545754913727,-0.7999312547913314,1.7924549964470664,57
KC03,2020,0.23399999999999999,0.3,17.25,9.7,0,0,57.5,42.5,FALSE,0.2,0.375,Kanoff Creek,FALSE,22.94,56.51,0,lentic,seasonal,0,TRUE,0.6305610222756343,-0.611430682470649,0.8448951059238382,-0.5513039796750538,-0.8129911935583201,-0.8943501096334474,-1.454209204490595,-1.425517164965965,0.44089197815645237,-0.9395997947629046,1.7924549964470664,0
LS05,2020,0.8875,1.15,16.6,15,0,6.666666666666667,25,70,FALSE,0.6666666666666666,0.4,Laguna Salada,FALSE,22.94,56.51,83.33333333333334,lentic,perennial,1,TRUE,0.6305610222756343,-0.08165838427574827,-0.4052533408223394,0.48540477263957943,1.6716176485954422,-0.8943501096334474,-0.04823215357133317,-0.03579258845698814,0.16102481408902033,1.034382236835329,1.7924549964470664,10
LS08,2020,1.1925,1.4,16.5,14,0,2.5,57.5,40,FALSE,1,0.625,Laguna Salada,TRUE,22.94,56.51,0,lentic,perennial,1,TRUE,0.6305610222756343,-0.4127660706475612,0.8448951059238382,-0.6455502298854751,-0.8129911935583201,-0.8943501096334474,0.6079621854192939,0.3729499340456522,0.1179683273094147,0.661932796911134,1.7924549964470664,22
OV01,2020,0.6166666666666667,0.8,13.866666666666667,7.666666666666667,0,11.666666666666666,53.333333333333336,35,FALSE,0,0,Oakwood Valley,FALSE,22.94,56.51,60.909090909090914,lentic,seasonal,0,TRUE,0.6305610222756343,0.31567083937042717,0.6846196640333028,-0.8340427303063175,1.0030319965249752,-0.8943501096334474,-0.6309183835493489,-0.6080321199606844,-1.015852491220184,-1.6969136559421008,1.7924549964470664,NA
RC07,2020,1.0216666666666667,1.41,15.6125,10.542857142857143,70,7.666666666666667,53.166666666666664,39.166666666666664,FALSE,0.8571428571428571,0.2222222222222222,Redwood Creek,FALSE,22.94,56.51,90,lentic,perennial,1,TRUE,0.6305610222756343,-0.0021925395465131696,0.6782086463576811,-0.6769656466222822,1.870386355967743,-0.8943501096334474,0.24042164035623803,0.3892996349457578,-0.2641579928595796,-0.6256781239696544,1.7924549964470664,49
RC10,2020,1.275,1.5,17.32,9.86,1,3,68.75,28.25,FALSE,0.75,0.2,Redwood Creek,FALSE,22.94,56.51,25,lentic,seasonal,1,TRUE,0.6305610222756343,-0.37303314828294365,1.2776387990282843,-1.0885076058744547,-0.06760854091219147,-0.8943501096334474,0.7854573754741356,0.5364469430467085,0.47103151890217604,-0.8800078843750333,1.7924549964470664,0
RC11,2020,1.334,2,16.56,11.8,10,6.8,12,81.2,FALSE,1,0.16666666666666666,Redwood Creek,FALSE,22.94,56.51,52.5,lentic,seasonal,1,TRUE,0.6305610222756343,-0.0710629383118503,-0.9053127195208104,0.9076279735822665,0.75231237699855,-0.8943501096334474,0.9123933295739622,1.353931988051989,0.14380221937717716,-0.1574559709220946,1.7924549964470664,0
RC13,2020,0.85,0.9,17,10.925,0,10.4,84,5.6,FALSE,0.4,0.2857142857142857,Redwood Creek,FALSE,22.94,56.51,18.181818181818183,lentic,perennial,0,TRUE,0.6305610222756343,0.2150141027133961,1.8642469163476445,-1.942378632780871,-0.2708947189065901,-0.8943501096334474,-0.128911785414443,-0.4445351109596283,0.3332507612074398,-0.4833492308557652,1.7924549964470664,0
RC14,2020,1.1166666666666667,1.5,17.233333333333334,10.366666666666667,0,74.83333333333333,3.6666666666666665,21.5,FALSE,0,0.5,Redwood Creek,TRUE,22.94,56.51,91.42857142857142,lentic,perennial,0,TRUE,0.6305610222756343,5.33526336476711,-1.2258636033018815,-1.342972481442592,1.9129796504046641,-0.8943501096334474,0.4448100410254497,0.5364469430467085,0.43371589702651864,-0.6913001681467742,1.7924549964470664,0
RC15,2020,0.225,0.25,15.75,11,13,2,91,7,FALSE,0.5,0.6,Redwood Creek,FALSE,22.94,56.51,18.181818181818183,lentic,seasonal,0,TRUE,0.6305610222756343,-0.4524989930121788,2.1335096587237445,-1.889600732663035,-0.2708947189065901,-0.8943501096334474,-1.4735723161329413,-1.5072656694664932,-0.204955323537623,-0.45541552286145087,1.7924549964470664,NA
RC17,2020,0.17333333333333334,0.25,16.566666666666666,12.9,0,36.666666666666664,18.333333333333332,45,FALSE,0,0.6,Redwood Creek,FALSE,22.94,56.51,81.42857142857143,both,seasonal,0,TRUE,0.6305610222756343,2.3023169576013047,-0.6616940478471963,-0.4570577294646327,1.6148265893462133,-0.8943501096334474,-1.5847309200056705,-1.5072656694664932,0.14667265182915126,0.25223841299451977,1.7924549964470664,NA
RC20,2020,0.9516666666666667,1.3,15.257142857142858,12.442857142857143,17,0.42857142857142855,35.57142857142857,64,FALSE,0.8333333333333334,0.14285714285714285,Redwood Creek,TRUE,22.94,56.51,0,both,perennial,0,TRUE,0.6305610222756343,-0.5773738918724054,0.0013883517456479931,0.25921377213456853,-0.8129911935583201,-0.8943501096334474,0.08981966091576607,0.20945292504459626,-0.4171622940942474,0.08197581188631627,1.7924549964470664,0
RC25,2020,0.25,0.3,15.233333333333333,11.4,9,3.3333333333333335,81.33333333333333,15.333333333333334,FALSE,0.25,0.42857142857142855,Redwood Creek,FALSE,22.94,56.51,12.857142857142856,lentic,seasonal,0,TRUE,0.6305610222756343,-0.3465445333731987,1.7616706335377017,-1.5754465652949643,-0.4296515436260254,-0.8943501096334474,-1.4197858949042013,-1.425517164965965,-0.4274138385655826,-0.3064357468917727,1.7924549964470664,NA
TV02,2020,1.15,1.28,13.88,10.06,156,22.5,10,67.5,FALSE,1,0.2,Tennessee Valley,FALSE,22.94,56.51,3,lentic,perennial,1,TRUE,0.6305610222756343,1.1765508239371407,-0.9822449316282674,0.3911585224291582,-0.7235452752407847,-0.8943501096334474,0.5165252693304361,0.176753523244385,-1.0101116263162366,-0.805517996390194,1.7924549964470664,7
WG01,2020,0.39,0.44,14.666666666666666,12,59,0,18,82,FALSE,1,0.16666666666666666,Wilkins Gulch,TRUE,22.94,56.51,30.588235294117645,lentic,seasonal,1,TRUE,0.6305610222756343,-0.611430682470649,-0.6745160831984391,0.9377867736496013,0.09900640497341369,-0.8943501096334474,-1.1185819360232576,-1.1966213523644866,-0.6714005969833443,-0.08296608293725587,1.7924549964470664,10
KC03,2021,0.2,0.22,15.64,13.4,0,0,60,40,FALSE,0,0.2857142857142857,Kanoff Creek,FALSE,13.48,24.45,0,lentic,seasonal,0,TRUE,0.845789415487789,-0.611430682470649,0.9410603710581595,-0.6455502298854751,-0.8129911935583201,-1.6060644270531892,-1.5273587373616813,-1.55631477216681,-0.25231745899518826,0.43846313295661726,-0.8326113212621054,6
LS05,2021,0.6428571428571428,0.83,17.041999999999998,11.875,0,8,13.75,78.25,FALSE,0.25,0.42857142857142855,Laguna Salada,FALSE,13.48,24.45,88.88888888888889,lentic,perennial,0,TRUE,0.845789415487789,0.02429607536323184,-0.8379970339267855,0.7964173983339694,1.8372582380723594,-1.6060644270531892,-0.5745707041668597,-0.5589830172603677,0.3513344856548731,-0.12952226292778024,-0.8326113212621054,2
LS08,2021,0.82,1.2,20.733333333333334,12.25,2,0,80,20,FALSE,0.5,0.2,Laguna Salada,TRUE,13.48,24.45,0,lentic,perennial,0,TRUE,0.845789415487789,-0.611430682470649,1.7103824921327304,-1.3995202315688449,-0.8129911935583201,-1.6060644270531892,-0.193455490888931,0.04595591604354,1.9406929343126944,0.010146277043792874,-0.8326113212621054,35
LS09,2021,0.4,0.4,16.625,14.733333333333334,0,0,16.666666666666668,83.33333333333333,FALSE,0.6666666666666666,0.4,Laguna Salada,FALSE,13.48,24.45,100,lotic,perennial,1,TRUE,0.845789415487789,-0.611430682470649,-0.7258042246034105,0.9880514404284924,2.1685394170261945,-1.6060644270531892,-1.0970673675317617,-1.262020155964909,0.171788935783921,0.9350623861888774,-0.8326113212621054,0
RC07,2021,1.11,1.8,17.58,8.8,37,3.5,68.33333333333333,28.166666666666668,FALSE,1,0.25,Redwood Creek,FALSE,13.48,24.45,90,lentic,perennial,1,TRUE,0.845789415487789,-0.33330022591832614,1.2616112548392306,-1.0916491475481354,1.870386355967743,-1.6060644270531892,0.43046699536445254,1.0269379700498769,0.5829783845291482,-1.2748042906946795,-0.8326113212621054,93
RC11,2021,1.3416666666666668,1.8,19.933333333333334,15.860000000000001,2,5.166666666666667,15.833333333333334,79,FALSE,1,0.3333333333333333,Redwood Creek,FALSE,13.48,24.45,58.333333333333336,lentic,seasonal,1,TRUE,0.845789415487789,-0.20085715136960092,-0.7578593129815175,0.8246912733970958,0.9262349959493135,-1.6060644270531892,0.9288878320841093,1.0269379700498769,1.596241040075854,1.3546887551701372,-0.8326113212621054,15
RC13,2021,1.02,1.5,19.9,11.025,0,2.25,80,17.75,FALSE,0.5,0.2,Redwood Creek,FALSE,13.48,24.45,20.454545454545457,lentic,perennial,1,TRUE,0.845789415487789,-0.43263253182987,1.7103824921327304,-1.4843418567582238,-0.2031326595751239,-1.6060644270531892,0.23683587894098862,0.5364469430467085,1.581888877815985,-0.44610428686334586,-0.8326113212621054,5
RC14,2021,1.26,1.8,17.775,12.25,0,56,12,32,FALSE,0.5,0.3333333333333333,Redwood Creek,TRUE,13.48,24.45,94.28571428571428,lentic,perennial,1,TRUE,0.845789415487789,3.838656622366517,-0.9053127195208104,-0.947138230558823,1.9981662392785076,-1.6060644270531892,0.7531855227368919,1.0269379700498769,0.6669385337493782,0.010146277043792874,-0.8326113212621054,0
RC15,2021,0.23833333333333334,0.4,18.6,10.42,0,0.4,91.8,7.8,FALSE,0,0.42857142857142855,Redwood Creek,FALSE,13.48,24.45,20.454545454545457,lentic,seasonal,0,TRUE,0.845789415487789,-0.5796443445789549,2.1642825435667272,-1.8594419325957003,-0.2031326595751239,-1.6060644270531892,-1.4448862248109466,-1.262020155964909,1.0221545496811208,-0.671436198017484,-0.8326113212621054,8
RC20,2021,1.2833333333333334,2,18.78,12.78,62,3.2,59.8,37,FALSE,1,0.375,Redwood Creek,TRUE,13.48,24.45,0,both,perennial,1,TRUE,0.845789415487789,-0.3571399793370966,0.9333671498474138,-0.7586457301379805,-0.8129911935583201,-1.6060644270531892,0.8033861825503827,1.353931988051989,1.0996562258844098,0.207544480203616,-0.8326113212621054,8
TV02,2021,1.0979999999999999,1.23,15.225,9.85,127,27.5,12.5,60,FALSE,1,0.2,Tennessee Valley,FALSE,13.48,24.45,3,lentic,perennial,1,TRUE,0.845789415487789,1.5738800475833163,-0.8860796664939461,0.10841977179789461,-0.7235452752407847,-1.6060644270531892,0.40464951317465686,0.09500501874385688,-0.43100187913054955,-0.8837323787742752,-0.8326113212621054,47
TV06,2021,2,2,17.366666666666667,13.966666666666667,0,2.5,40,57.5,FALSE,1,0,Tennessee Valley,TRUE,13.48,24.45,26.25,lentic,perennial,1,TRUE,0.845789415487789,-0.4127660706475612,0.17173824998358875,0.014173521587473396,-0.030339408279885044,-1.6060644270531892,2.345263591107594,1.353931988051989,0.49112454606599176,0.6495178155803276,-0.8326113212621054,NA
WG01,2021,0.344,0.5,15.166666666666666,15.5,28,18,30,52,FALSE,0.4,0,Wilkins Gulch,TRUE,13.48,24.45,30.294117647058822,lentic,seasonal,0,TRUE,0.845789415487789,0.8189545226555828,-0.21292281055369666,-0.19316822887545326,0.09023719729522396,-1.6060644270531892,-1.2175489510841393,-1.0985231469638528,-0.4561181630853192,1.2206069567974265,-0.8326113212621054,22
KC01,2022,0.43857142857142856,0.55,14.157142857142857,11.285714285714286,28,0,33.125,66.875,FALSE,0.2857142857142857,0.125,Kanoff Creek,FALSE,35.68,48.7,0,lentic,seasonal,1,TRUE,1.0610178086999438,-0.611430682470649,-0.09271622913579497,0.36759695987655294,-0.8129911935583201,0.06413196266332948,-1.0140826033502772,-1.0167746424633246,-0.8907836486699032,-0.34900139716882345,1.152973775570316,34
KC02,2022,0.39,0.54,16.31111111111111,12.555555555555555,0,0,4,96,FALSE,0,0,Kanoff Creek,FALSE,35.68,48.7,47,both,seasonal,0,TRUE,1.0610178086999438,-0.611430682470649,-1.2130415679506388,1.46556577482796,0.5883281934164017,0.06413196266332948,-1.1185819360232576,-1.0331243433634303,0.03663940783682695,0.12395027257618571,1.152973775570316,2
KC03,2022,0.19222222222222224,0.28,16.91111111111111,12.88888888888889,0,0,42.44444444444444,57.55555555555556,FALSE,0,0,Kanoff Creek,FALSE,35.68,48.7,0,lentic,seasonal,0,TRUE,1.0610178086999438,-0.611430682470649,0.26576650922603623,0.016267882703260593,-0.8129911935583201,0.06413196266332948,-1.5440922906328445,-1.4582165667661762,0.2949783285144577,0.24810008588425092,1.152973775570316,0
LS05,2022,1.078,1.34,16.466666666666665,11.883333333333333,0,1.9,28.2,69.9,FALSE,0,0.09090909090909091,Laguna Salada,FALSE,35.68,48.7,94.44444444444444,lentic,perennial,0,TRUE,1.0610178086999438,-0.46044557748510234,-0.28216180145040803,0.4816349226311628,2.0028988275492767,0.06413196266332948,0.36162037619166537,0.2748517286450188,0.10361616504954564,-0.1264185175950788,1.152973775570316,0
LS06,2022,1.1400000000000001,1.37,17.642857142857142,14.4,4,1.875,15.625,82.5,FALSE,0.8571428571428571,0.2222222222222222,Laguna Salada,FALSE,35.68,48.7,9.666666666666668,lentic,seasonal,0,TRUE,1.0610178086999438,-0.46243222360333314,-0.7658730850760445,0.9566360236916855,-0.5247765678684837,0.06413196266332948,0.4950107008389405,0.32390083134533565,0.6100424619334719,0.8109125728808122,1.152973775570316,9
LS07,2022,1.3,1.62,15.814285714285715,14.26,12,0.7142857142857143,7.571428571428571,91.71428571428571,FALSE,0.5714285714285714,0.2222222222222222,Laguna Salada,FALSE,35.68,48.7,0,lentic,seasonal,1,TRUE,1.0610178086999438,-0.5546693648069096,-1.0756626177587512,1.3040007744672377,-0.8129911935583201,0.06413196266332948,0.8392437967028759,0.732643353847976,-0.1772761534650195,0.7587696512914247,1.152973775570316,58
LS08,2022,1.23875,1.68,17.6625,14.94,3,1.1111111111111112,62.77777777777778,36.111111111111114,FALSE,0.625,0.1111111111111111,Laguna Salada,TRUE,35.68,48.7,0,lentic,perennial,1,TRUE,1.0610178086999438,-0.5231352994381655,1.04791066565185,-0.7921555079905747,-0.8129911935583201,0.06413196266332948,0.707467064692463,0.8307415592486094,0.6184999861223237,1.0120352704398772,1.152973775570316,5
LS09,2022,0.6799999999999999,1,16.211111111111112,14.133333333333333,0,1.4285714285714286,10.714285714285714,87.85714285714286,FALSE,1,0.2,Laguna Salada,FALSE,35.68,48.7,100,lotic,perennial,1,TRUE,1.0610178086999438,-0.4979080471431702,-0.9547691415898899,1.1585922741425883,2.1685394170261945,0.06413196266332948,-0.49465944976987464,-0.2810381019585722,-0.006417078942777158,0.7115927222343599,1.152973775570316,0
MC01,2022,0.94875,1.5,15.785714285714286,11.25,1,1.3333333333333333,37.77777777777778,60.888888888888886,FALSE,0.25,0.1111111111111111,Milagra Creek,FALSE,35.68,48.7,0,lentic,seasonal,1,TRUE,1.0610178086999438,-0.5054762228316688,0.08625801430863647,0.1419295496504887,-0.8129911935583201,0.06413196266332948,0.08354457843907973,0.5364469430467085,-0.18957800683062087,-0.3623031628804021,1.152973775570316,15
RC07,2022,1.238888888888889,2.1,15.188888888888888,8.933333333333334,32,2.2222222222222223,57.22222222222222,40.55555555555556,FALSE,0.2222222222222222,0,Redwood Creek,FALSE,35.68,48.7,92.5,lentic,perennial,0,TRUE,1.0610178086999438,-0.4348399164056821,0.8342100764644691,-0.6246066187276036,1.9449246212323559,0.06413196266332948,0.7077658781437338,1.5174289970530455,-0.4465500549120737,-1.2251443653714538,1.152973775570316,100
RC10,2022,1.575,2,15.25,9.514285714285714,0,1.1111111111111112,70,28.88888888888889,FALSE,0.2222222222222222,0,Redwood Creek,FALSE,35.68,48.7,45,lentic,seasonal,1,TRUE,1.0610178086999438,-0.5231352994381655,1.325721431595445,-1.0644224530429027,0.5286975812047114,0.06413196266332948,1.430894430219015,1.353931988051989,-0.4202377574356481,-1.008768976463112,1.152973775570316,4
RC11,2022,1.3833333333333333,1.6,15.942857142857143,10.733333333333334,9,8.125,24.375,67.5,FALSE,0.5714285714285714,0.125,Redwood Creek,FALSE,35.68,48.7,64.16666666666666,lentic,seasonal,1,TRUE,1.0610178086999438,0.03422930595438623,-0.4292946571059197,0.3911585224291582,1.1001576149000765,0.06413196266332948,1.018531867465342,0.6999439520477647,-0.12191781331981322,-0.5547353735079025,1.152973775570316,3
RC13,2022,0.9824999999999999,1.2,14.514285714285714,10.128571428571428,1,4,80.625,15.375,FALSE,0.8571428571428571,0.125,Redwood Creek,FALSE,35.68,48.7,22.727272727272727,lentic,perennial,1,TRUE,1.0610178086999438,-0.2935673035537086,1.7344238084163108,-1.573875794458124,-0.13537060024365774,0.06413196266332948,0.1561562470978785,0.04595591604354,-0.7370104815998851,-0.7799786062239638,1.152973775570316,2
RC14,2022,1.4166666666666667,1.8,15.514285714285714,10.6625,0,3.888888888888889,11.666666666666666,84.44444444444444,FALSE,0.7777777777777778,0,Redwood Creek,TRUE,35.68,48.7,97.14285714285714,lentic,perennial,1,TRUE,1.0610178086999438,-0.3023968418569569,-0.9181347548720533,1.0299386627442353,2.083352828152351,0.06413196266332948,1.090247095770329,1.0269379700498769,-0.30644561380383484,-0.5811172088358668,1.152973775570316,1
RC15,2022,0.35,0.5,16.216666666666665,10.366666666666667,7,0,86.42857142857143,13.571428571428571,FALSE,0.5,0.14285714285714285,Redwood Creek,FALSE,35.68,48.7,22.727272727272727,lentic,seasonal,0,TRUE,1.0610178086999438,-0.611430682470649,1.9576646024781281,-1.641867732109928,-0.13537060024365774,0.06413196266332948,-1.2046402099892417,-1.0985231469638528,-0.004025051899466924,-0.6913001681467742,1.152973775570316,4
RC17,2022,0.41666666666666663,0.6,18.766666666666666,10.133333333333333,0,0,64,36,FALSE,0,0,Redwood Creek,FALSE,35.68,48.7,90.47619047619048,both,seasonal,0,TRUE,1.0610178086999438,-0.611430682470649,1.0949247952730736,-0.7963442302221491,1.8845841207800502,0.06413196266332948,-1.0612097533792686,-0.9350261379627968,1.0939153609804615,-0.77820503746242,1.152973775570316,NA
RC20,2022,0.85375,1,14.1625,11.4375,42,2.7777777777777777,37.77777777777778,59.44444444444444,FALSE,1,0,Redwood Creek,TRUE,35.68,48.7,0,both,perennial,1,TRUE,1.0610178086999438,-0.3906922248894404,0.08625801430863647,0.08747616064002317,-0.8129911935583201,0.06413196266332948,-0.12084382223013196,-0.2810381019585722,-0.8884770511638529,-0.29246889289461553,1.152973775570316,6
RC24,2022,0.21666666666666667,0.3,15.166666666666666,10.533333333333333,0,0,86.66666666666667,13.333333333333334,FALSE,0,0,Redwood Creek,FALSE,35.68,48.7,14.166666666666668,lentic,seasonal,0,TRUE,1.0610178086999438,-0.611430682470649,1.9668231991575875,-1.6508435654633014,-0.3906076903921805,0.06413196266332948,-1.491501123209188,-1.425517164965965,-0.4561181630853192,-0.6292252614927419,1.152973775570316,NA
RC25,2022,0.225,0.25,21.299999999999997,15.6,10,0,94,6,FALSE,0,0,Redwood Creek,FALSE,35.68,48.7,14.285714285714285,lentic,seasonal,0,TRUE,1.0610178086999438,-0.611430682470649,2.24890797688493,-1.9272992327472036,-0.38705824918910375,0.06413196266332948,-1.4735723161329413,-1.5072656694664932,2.184679692730455,1.2578519007898459,1.152973775570316,NA
TV02,2022,1.222,1.28,20.32,9.425,150,46,21,33,FALSE,1,0.2,Tennessee Valley,FALSE,35.68,48.7,9,lentic,perennial,1,TRUE,1.0610178086999438,3.043998175074166,-0.5591177650372535,-0.9094397304746544,-0.5446534386057138,0.06413196266332948,0.6714301624692072,0.176753523244385,1.7627261222903268,-1.0420233907420577,1.152973775570316,109
WG01,2022,0.436,0.5,14,15,70,15,21,64,FALSE,0.8571428571428571,0,Wilkins Gulch,TRUE,35.68,48.7,30,lentic,seasonal,1,TRUE,1.0610178086999438,0.5805569884678775,-0.5591177650372535,0.25921377213456853,0.08146798961703425,0.06413196266332948,-1.0196149209623762,-1.0985231469638528,-0.9584438421807109,1.034382236835329,1.152973775570316,49
KC01,2023,0.4175,0.5,14.8,11.2,32,0,28.125,71.875,FALSE,0.25,0,Kanoff Creek,FALSE,52.63,22.94,0,lentic,seasonal,0,TRUE,1.2762462019120984,-0.611430682470649,-0.2850467594044377,0.5560894602973954,-0.8129911935583201,1.3393494764333744,-1.0594168726716438,-1.0985231469638528,-0.6139919479438705,-0.38092563487661213,-0.9562498159514642,88
KC02,2023,0.3511111111111111,0.5,14.988888888888889,11.433333333333334,0,0,3.888888888888889,96.11111111111111,FALSE,0,0,Kanoff Creek,FALSE,52.63,22.94,50,both,seasonal,0,TRUE,1.2762462019120984,-0.611430682470649,-1.2173155797343864,1.4697544970595344,0.6777741117339371,1.3393494764333744,-1.2022497023790752,-1.0985231469638528,-0.5326630284712834,-0.2940207655609663,-0.9562498159514642,0
KC03,2023,0.2411111111111111,0.3,15.444444444444445,11.71111111111111,0,0,26.11111111111111,73.88888888888889,FALSE,0,0,Kanoff Creek,FALSE,52.63,22.94,0,lentic,seasonal,0,TRUE,1.2762462019120984,-0.611430682470649,-0.3625132229848632,0.632010050744679,-0.8129911935583201,1.3393494764333744,-1.4389099557855312,-1.425517164965965,-0.3365168109197494,-0.19056258780424581,-0.9562498159514642,0
LS05,2023,0.9271428571428572,1.4,11.933333333333334,7.5,0,4.166666666666667,35.833333333333336,60,FALSE,0.5,0.14285714285714285,Laguna Salada,FALSE,52.63,22.94,100,lentic,perennial,0,TRUE,1.2762462019120984,-0.28032299609883604,0.011462808093053256,0.10841977179789461,2.1685394170261945,1.3393494764333744,0.037057742948526,0.3729499340456522,-1.848277902292548,-1.7589885625961332,-0.9562498159514642,0
LS08,2023,1.39,1.9,12.414285714285715,8.957142857142857,19,0,64.16666666666667,35.833333333333336,FALSE,0.7142857142857143,0.125,Laguna Salada,TRUE,52.63,22.94,0,lentic,perennial,0,TRUE,1.2762462019120984,-0.611430682470649,1.1013358129486954,-0.8026273135695103,-0.8129911935583201,1.3393494764333744,1.0328749131263393,1.1904349790509328,-1.6411967039715905,-1.2162765215637348,-0.9562498159514642,0
LS09,2023,0.7166666666666667,1.2,10.833333333333334,12.483333333333334,0,0,27.5,72.5,FALSE,1,0.14285714285714285,Laguna Salada,FALSE,52.63,22.94,100,lotic,perennial,1,TRUE,1.2762462019120984,-0.611430682470649,-0.309088075688018,0.5796510228500007,2.1685394170261945,1.3393494764333744,-0.41577269863438926,0.04595591604354,-2.3218992568682033,0.09705114635943872,-0.9562498159514642,0
OV01,2023,0.4,0.5,15.5,8.2,0,2.5,85,12.5,FALSE,0,0,Oakwood Valley,FALSE,52.63,22.94,80,lentic,seasonal,0,TRUE,1.2762462019120984,-0.4127660706475612,1.902713022401373,-1.6822589822001084,1.5722332949092914,1.3393494764333744,-1.0970673675317617,-1.0985231469638528,-0.31259654048663554,-1.498273954649197,-0.9562498159514642,0
RC07,2023,1.2375,1.5,14.75,7.025,23,12.5,45,42.5,FALSE,0.25,0,Redwood Creek,FALSE,52.63,22.94,95,lentic,perennial,0,TRUE,1.2762462019120984,0.3818923766447898,0.36406878025223144,-0.5513039796750538,2.0194628864969686,1.3393494764333744,0.7047777436310261,0.5364469430467085,-0.6355201913336732,-1.9359020465601258,-0.9562498159514642,70
RC10,2023,2.2,4.3,16.35,9.025,5,6.25,68.75,25,FALSE,0,0,Redwood Creek,FALSE,52.63,22.94,60,lentic,seasonal,0,TRUE,1.2762462019120984,-0.11476915291292959,1.2776387990282843,-1.2110277311480024,0.9759271727923886,1.3393494764333744,2.7755549609375136,5.11436319507628,0.05338359714000777,-1.1910031667117358,-0.9562498159514642,0
RC11,2023,1.05,1.5,17.15,9.75,2,27.5,16.25,56.25,FALSE,0.25,0,Redwood Creek,FALSE,52.63,22.94,70,lentic,seasonal,0,TRUE,1.2762462019120984,1.5738800475833163,-0.741831768792464,-0.03294960351773721,1.2740802338508401,1.3393494764333744,0.3013795844154766,0.5364469430467085,0.39783549137684676,-0.9209773227666945,-0.9562498159514642,10
RC13,2023,1.225,1.5,18.5,8.55,3,13.75,67.5,18.75,FALSE,1,0,Redwood Creek,FALSE,52.63,22.94,25,lentic,perennial,1,TRUE,1.2762462019120984,0.48122468255633366,1.2295561664611236,-1.4466433566740553,-0.06760854091219147,1.3393494764333744,0.6778845330166562,0.5364469430467085,0.9790980629015152,-1.3679166506757283,-0.9562498159514642,0
RC14,2023,1.5,2,16.76,9.7,0,5,17,78,FALSE,0.5,0.2,Redwood Creek,TRUE,52.63,22.94,100,lentic,perennial,1,TRUE,1.2762462019120984,-0.21410145882447346,-0.7129821892521677,0.7869927733129274,2.1685394170261945,1.3393494764333744,1.2695351665327952,1.353931988051989,0.22991519293638843,-0.9395997947629046,-0.9562498159514642,0
RC15,2023,0.48,1,16.66,8.5,20,2,84,14,FALSE,0.4,0,Redwood Creek,FALSE,52.63,22.94,25,lentic,seasonal,0,TRUE,1.2762462019120984,-0.4524989930121788,1.8642469163476445,-1.6257112320738556,-0.06760854091219147,1.3393494764333744,-0.924950819599794,-0.2810381019585722,0.1868587061567828,-1.3865391226719384,-0.9562498159514642,13
RC20,2023,0.51,0.7,15.683333333333334,11.483333333333334,24,8.333333333333334,55,36.666666666666664,FALSE,0.8333333333333334,0,Redwood Creek,TRUE,52.63,22.94,0,both,perennial,0,TRUE,1.2762462019120984,0.05078469027297692,0.7487298407895169,-0.7712118968327034,-0.8129911935583201,1.3393494764333744,-0.860407114125306,-0.7715291289617406,-0.23365964805735956,-0.27539829356475626,-0.9562498159514642,17
RC24,2023,0.3,0.4,15.775,10.425,1,37.5,50,12.5,FALSE,0.25,0.2,Redwood Creek,FALSE,52.63,22.94,17,lentic,seasonal,0,TRUE,1.2762462019120984,2.368538494875667,0.5563993105208742,-1.6822589822001084,-0.30613098975895264,1.3393494764333744,-1.3122130524467213,-1.262020155964909,-0.1941912018427216,-0.6695739508178628,-0.9562498159514642,NA
RC25,2023,0.4,0.5,16.125,8.775,13,15,72.5,12.5,FALSE,0.25,0.2,Redwood Creek,FALSE,52.63,22.94,15,lentic,seasonal,0,TRUE,1.2762462019120984,0.5805569884678775,1.4218866967297663,-1.6822589822001084,-0.36576160197064295,1.3393494764333744,-1.0970673675317617,-1.0985231469638528,-0.04349349811410415,-1.2841155266927846,-0.9562498159514642,23
RL02,2023,1.4314285714285715,2,13.8,10,72,40,43.125,16.875,FALSE,0.375,0,Rodeo Lagoon,FALSE,52.63,22.94,10,lentic,perennial,0,TRUE,1.2762462019120984,2.5672031066987553,0.29194483140149047,-1.5173280443318713,-0.5148381324998687,1.3393494764333744,1.122006696876823,1.353931988051989,-1.0445568157399208,-0.8278649627856458,-0.9562498159514642,9
TV02,2023,1.874,3,13.92,7.4,30,26,34,40,FALSE,0.6,0,Tennessee Valley,FALSE,52.63,22.94,15,lentic,perennial,0,TRUE,1.2762462019120984,1.4546812804894635,-0.05905838633878249,-0.6455502298854751,-0.36576160197064295,1.3393494764333744,2.074180028114745,2.9889020780625506,-0.992889031604395,-1.7962335065885526,-0.9562498159514642,156
TV03,2023,1.4875,2,14.75,10.35,0,72.5,18.75,8.75,FALSE,0.75,0,Tennessee Valley,FALSE,52.63,22.94,50,lentic,perennial,0,TRUE,1.2762462019120984,5.149843060398895,-0.6456665036581427,-1.8236283575157402,0.6777741117339371,1.3393494764333744,1.2426419559184254,1.353931988051989,-0.6355201913336732,-0.6975076588121777,-0.9562498159514642,NA
TV06,2023,1.68,2,14.6,9.06,0,7,80,13,FALSE,0.2,0,Tennessee Valley,TRUE,52.63,22.94,25,lentic,perennial,0,TRUE,1.2762462019120984,-0.05516976936600326,1.7103824921327304,-1.6634097321580241,-0.06760854091219147,1.3393494764333744,1.6567973993797227,1.353931988051989,-0.7001049215030809,-1.1779674363143888,-0.9562498159514642,NA
WG01,2023,0.40499999999999997,0.57,8.666666666666666,11,64,0,28.333333333333332,71.66666666666667,FALSE,0.3333333333333333,0,Wilkins Gulch,TRUE,52.63,22.94,30,lentic,seasonal,0,TRUE,1.2762462019120984,-0.611430682470649,-0.27703298730991094,0.5482356061131938,0.08146798961703425,1.3393494764333744,-1.0863100832860138,-0.9840752406631136,-3.2547898037596457,-0.45541552286145087,-0.9562498159514642,59
WU02,2023,1.2149999999999999,1.68,10.7,7.6,5,0,0,100,FALSE,0,0,West Union,FALSE,52.63,22.94,30,lentic,seasonal,0,TRUE,1.2762462019120984,-0.611430682470649,-1.3669059921655529,1.616359775164634,0.08146798961703425,1.3393494764333744,0.6563699645251597,0.8307415592486094,-2.379307905907677,-1.7217436186037138,-0.9562498159514642,NA
